BELNR,BUKRS,BLART,BLDAT,BUDAT,WAERS,USNAM
512000,3000,KR,2025-09-01,2025-09-01,USD,William
512001,1000,KR,2025-09-05,2025-09-05,INR,Maria
512002,3000,PO,2025-09-01,2025-09-01,EUR,Vincent
512003,3000,SA,2025-09-18,2025-09-18,JPY,Justin
512004,1000,KR,2025-08-24,2025-08-24,EUR,Miranda
512005,2000,PO,2025-09-05,2025-09-05,USD,Tamara
512006,1000,PO,2025-09-17,2025-09-17,USD,Jared
512007,1000,RE,2025-10-01,2025-10-01,EUR,Denise
512008,2000,RE,2025-08-22,2025-08-22,USD,Larry
512009,2000,PO,2025-08-28,2025-08-28,INR,Alec
512010,1000,SA,2025-09-09,2025-09-09,EUR,Charlene
512011,1000,PO,2025-09-21,2025-09-21,USD,Austin
512012,1000,SA,2025-10-12,2025-10-12,INR,Melissa
512013,2000,KR,2025-09-29,2025-09-29,JPY,John
512014,2000,RE,2025-09-04,2025-09-04,INR,Joshua
512015,1000,KR,2025-09-12,2025-09-12,INR,Elijah
512016,3000,SA,2025-09-10,2025-09-10,GBP,Karen
512017,3000,PO,2025-08-16,2025-08-16,GBP,Stefanie
512018,3000,PO,2025-09-22,2025-09-22,USD,Joshua
512019,1000,RE,2025-10-13,2025-10-13,GBP,Karen
512020,2000,KR,2025-08-19,2025-08-19,EUR,William
512021,3000,SA,2025-08-27,2025-08-27,INR,Mary
512022,2000,RE,2025-10-10,2025-10-10,GBP,April
512023,2000,KR,2025-08-28,2025-08-28,INR,Dana
512024,3000,KR,2025-08-27,2025-08-27,GBP,Brian
512025,3000,KR,2025-09-09,2025-09-09,INR,Sherry
512026,2000,KR,2025-08-26,2025-08-26,GBP,Brandon
512027,1000,KR,2025-08-25,2025-08-25,EUR,Timothy
512028,1000,PO,2025-08-27,2025-08-27,INR,Tanner
512029,3000,SA,2025-08-22,2025-08-22,GBP,Michelle
512030,1000,KR,2025-10-07,2025-10-07,JPY,Marie
512031,1000,RE,2025-09-11,2025-09-11,EUR,Loretta
512032,3000,KR,2025-09-29,2025-09-29,EUR,Alexander
512033,2000,RE,2025-10-04,2025-10-04,EUR,Billy
512034,2000,KR,2025-08-21,2025-08-21,EUR,Morgan
512035,1000,SA,2025-10-07,2025-10-07,JPY,Diane
512036,2000,RE,2025-09-10,2025-09-10,INR,Kimberly
512037,2000,PO,2025-08-21,2025-08-21,USD,Rachel
512038,2000,SA,2025-10-01,2025-10-01,EUR,Kevin
512039,3000,RE,2025-08-16,2025-08-16,JPY,Colleen
512040,1000,RE,2025-09-16,2025-09-16,JPY,Richard
512041,3000,PO,2025-10-07,2025-10-07,EUR,Kaitlyn
512042,3000,KR,2025-09-12,2025-09-12,EUR,Shane
512043,1000,KR,2025-09-02,2025-09-02,GBP,David
512044,1000,SA,2025-10-04,2025-10-04,USD,Alexandra
512045,2000,PO,2025-08-30,2025-08-30,USD,Samantha
512046,3000,KR,2025-09-23,2025-09-23,INR,Ethan
512047,3000,SA,2025-09-21,2025-09-21,USD,Stefanie
512048,3000,PO,2025-09-29,2025-09-29,GBP,Jennifer
512049,2000,KR,2025-09-26,2025-09-26,EUR,Karl
512050,3000,KR,2025-10-08,2025-10-08,EUR,Ashley
512051,2000,KR,2025-08-27,2025-08-27,GBP,Steven
512052,2000,RE,2025-08-18,2025-08-18,GBP,Christina
512053,1000,RE,2025-10-11,2025-10-11,GBP,Barbara
512054,3000,KR,2025-09-05,2025-09-05,GBP,Sandra
512055,3000,PO,2025-10-09,2025-10-09,GBP,Jamie
512056,1000,RE,2025-09-05,2025-09-05,JPY,Melissa
512057,1000,RE,2025-09-11,2025-09-11,GBP,Angela
512058,1000,PO,2025-08-27,2025-08-27,GBP,Mark
512059,1000,PO,2025-10-08,2025-10-08,JPY,Brandon
512060,1000,SA,2025-09-28,2025-09-28,USD,Emily
512061,1000,SA,2025-08-19,2025-08-19,JPY,Lisa
512062,2000,RE,2025-09-30,2025-09-30,GBP,Melinda
512063,1000,KR,2025-08-30,2025-08-30,JPY,Alexander
512064,1000,KR,2025-10-05,2025-10-05,GBP,Sydney
512065,1000,RE,2025-10-04,2025-10-04,USD,Joel
512066,2000,SA,2025-08-22,2025-08-22,JPY,Douglas
512067,1000,PO,2025-08-25,2025-08-25,USD,Renee
512068,3000,RE,2025-09-02,2025-09-02,EUR,Cynthia
512069,1000,SA,2025-08-18,2025-08-18,USD,Guy
512070,1000,PO,2025-09-14,2025-09-14,USD,Wendy
512071,3000,KR,2025-10-01,2025-10-01,JPY,Jeffrey
512072,2000,KR,2025-08-18,2025-08-18,EUR,Eric
512073,2000,KR,2025-09-30,2025-09-30,USD,Michael
512074,2000,PO,2025-09-25,2025-09-25,JPY,Antonio
512075,2000,KR,2025-08-30,2025-08-30,USD,Kenneth
512076,1000,KR,2025-09-08,2025-09-08,USD,Benjamin
512077,2000,KR,2025-08-22,2025-08-22,EUR,Ryan
512078,3000,SA,2025-08-24,2025-08-24,INR,Kelsey
512079,2000,RE,2025-09-02,2025-09-02,USD,Ryan
512080,2000,SA,2025-09-19,2025-09-19,EUR,Raven
512081,2000,KR,2025-09-25,2025-09-25,USD,Brooke
512082,2000,KR,2025-09-07,2025-09-07,GBP,Susan
512083,1000,KR,2025-09-03,2025-09-03,EUR,Jennifer
512084,2000,SA,2025-08-21,2025-08-21,INR,Robert
512085,2000,SA,2025-08-26,2025-08-26,INR,Christopher
512086,1000,SA,2025-09-11,2025-09-11,JPY,Ashley
512087,1000,RE,2025-09-19,2025-09-19,JPY,Daniel
512088,3000,PO,2025-09-28,2025-09-28,EUR,Cody
512089,3000,PO,2025-09-02,2025-09-02,GBP,Tiffany
512090,1000,PO,2025-10-04,2025-10-04,USD,Christina
512091,1000,SA,2025-08-22,2025-08-22,JPY,Carmen
512092,2000,KR,2025-09-23,2025-09-23,EUR,Sara
512093,2000,SA,2025-09-06,2025-09-06,EUR,Stacy
512094,3000,SA,2025-08-20,2025-08-20,EUR,Dana
512095,3000,PO,2025-09-28,2025-09-28,USD,Heidi
512096,2000,RE,2025-10-10,2025-10-10,INR,Miranda
512097,1000,PO,2025-08-25,2025-08-25,USD,Oscar
512098,2000,SA,2025-09-19,2025-09-19,JPY,Ryan
512099,3000,RE,2025-10-01,2025-10-01,EUR,Emily
512100,2000,PO,2025-09-11,2025-09-11,USD,Jacob
512101,1000,KR,2025-09-09,2025-09-09,INR,John
512102,1000,SA,2025-09-05,2025-09-05,EUR,Brandon
512103,2000,KR,2025-09-02,2025-09-02,GBP,Leah
512104,2000,RE,2025-08-26,2025-08-26,EUR,Jacob
512105,2000,PO,2025-09-11,2025-09-11,USD,Andrew
512106,2000,KR,2025-09-04,2025-09-04,EUR,Taylor
512107,1000,RE,2025-10-08,2025-10-08,USD,Michelle
512108,2000,RE,2025-10-03,2025-10-03,GBP,Sara
512109,3000,RE,2025-08-23,2025-08-23,GBP,Cindy
512110,1000,PO,2025-09-21,2025-09-21,INR,Garrett
512111,2000,SA,2025-09-26,2025-09-26,JPY,Dustin
512112,1000,KR,2025-09-24,2025-09-24,EUR,Stephanie
512113,1000,RE,2025-09-29,2025-09-29,EUR,Nicholas
512114,1000,PO,2025-09-02,2025-09-02,JPY,Donna
512115,3000,RE,2025-09-30,2025-09-30,EUR,Alison
512116,2000,RE,2025-08-16,2025-08-16,GBP,Adam
512117,2000,PO,2025-09-24,2025-09-24,INR,Shawn
512118,2000,PO,2025-09-02,2025-09-02,EUR,Julie
512119,1000,SA,2025-08-25,2025-08-25,USD,Robert
512120,1000,RE,2025-08-23,2025-08-23,GBP,Eileen
512121,1000,KR,2025-08-27,2025-08-27,USD,Jennifer
512122,1000,SA,2025-09-21,2025-09-21,INR,Kimberly
512123,2000,SA,2025-08-23,2025-08-23,JPY,Frederick
512124,3000,KR,2025-09-25,2025-09-25,EUR,Emma
512125,3000,KR,2025-10-12,2025-10-12,EUR,Kevin
512126,2000,SA,2025-10-09,2025-10-09,JPY,Mitchell
512127,3000,SA,2025-09-16,2025-09-16,EUR,Chad
512128,2000,RE,2025-09-23,2025-09-23,EUR,Melissa
512129,3000,PO,2025-10-11,2025-10-11,EUR,Sarah
512130,1000,RE,2025-08-31,2025-08-31,GBP,Daniel
512131,3000,KR,2025-09-05,2025-09-05,INR,David
512132,1000,PO,2025-08-22,2025-08-22,USD,Charles
512133,2000,RE,2025-09-28,2025-09-28,EUR,Jeremy
512134,3000,SA,2025-09-05,2025-09-05,EUR,Lisa
512135,1000,RE,2025-10-02,2025-10-02,JPY,Kimberly
512136,3000,RE,2025-09-24,2025-09-24,GBP,Richard
512137,2000,KR,2025-08-30,2025-08-30,INR,Regina
512138,1000,SA,2025-08-28,2025-08-28,JPY,David
512139,3000,PO,2025-08-19,2025-08-19,EUR,Barbara
512140,3000,PO,2025-09-30,2025-09-30,INR,Andre
512141,1000,SA,2025-09-27,2025-09-27,EUR,Joanna
512142,1000,SA,2025-08-31,2025-08-31,GBP,Theodore
512143,1000,RE,2025-08-25,2025-08-25,USD,Henry
512144,2000,SA,2025-09-08,2025-09-08,INR,Isabel
512145,1000,PO,2025-08-22,2025-08-22,INR,Alice
512146,2000,KR,2025-08-19,2025-08-19,GBP,Jorge
512147,1000,PO,2025-10-01,2025-10-01,EUR,Jennifer
512148,3000,RE,2025-09-05,2025-09-05,GBP,Bonnie
512149,1000,RE,2025-09-08,2025-09-08,EUR,Carol
512150,2000,SA,2025-08-29,2025-08-29,INR,William
512151,2000,RE,2025-10-06,2025-10-06,GBP,Joseph
512152,2000,KR,2025-10-10,2025-10-10,JPY,Jessica
512153,2000,SA,2025-08-21,2025-08-21,EUR,Nicole
512154,2000,SA,2025-09-14,2025-09-14,INR,Tyler
512155,1000,SA,2025-09-09,2025-09-09,USD,Cameron
512156,1000,PO,2025-09-08,2025-09-08,INR,Michael
512157,3000,SA,2025-08-21,2025-08-21,EUR,Gregory
512158,1000,KR,2025-10-04,2025-10-04,GBP,Jennifer
512159,1000,KR,2025-09-08,2025-09-08,GBP,Ashley
512160,3000,RE,2025-09-29,2025-09-29,USD,Brent
512161,3000,RE,2025-10-03,2025-10-03,JPY,Christina
512162,1000,SA,2025-09-19,2025-09-19,GBP,Luis
512163,3000,KR,2025-10-10,2025-10-10,USD,Toni
512164,3000,RE,2025-08-18,2025-08-18,EUR,Chad
512165,3000,SA,2025-09-24,2025-09-24,JPY,David
512166,1000,RE,2025-10-02,2025-10-02,INR,Stacy
512167,2000,KR,2025-08-16,2025-08-16,JPY,Taylor
512168,2000,RE,2025-08-21,2025-08-21,EUR,Tonya
512169,1000,SA,2025-09-17,2025-09-17,USD,Laura
512170,2000,SA,2025-09-19,2025-09-19,USD,Kaitlyn
512171,3000,SA,2025-10-10,2025-10-10,JPY,James
512172,3000,RE,2025-09-12,2025-09-12,EUR,Andre
512173,1000,SA,2025-09-20,2025-09-20,JPY,Luke
512174,1000,KR,2025-09-06,2025-09-06,JPY,Michael
512175,3000,SA,2025-09-07,2025-09-07,EUR,Alex
512176,2000,SA,2025-09-28,2025-09-28,INR,Mark
512177,1000,PO,2025-10-01,2025-10-01,USD,Marilyn
512178,3000,RE,2025-09-30,2025-09-30,GBP,Deborah
512179,2000,SA,2025-08-21,2025-08-21,EUR,Gerald
512180,1000,SA,2025-09-20,2025-09-20,JPY,Christina
512181,1000,RE,2025-09-21,2025-09-21,JPY,Krystal
512182,2000,RE,2025-10-07,2025-10-07,INR,Michael
512183,1000,SA,2025-09-12,2025-09-12,JPY,Jade
512184,1000,PO,2025-08-31,2025-08-31,JPY,Shane
512185,3000,RE,2025-09-16,2025-09-16,INR,Jeffrey
512186,1000,SA,2025-09-17,2025-09-17,INR,Alyssa
512187,1000,KR,2025-09-14,2025-09-14,EUR,Laurie
512188,2000,RE,2025-09-13,2025-09-13,EUR,Jenna
512189,2000,KR,2025-08-27,2025-08-27,EUR,Jonathan
512190,1000,PO,2025-09-28,2025-09-28,JPY,Joe
512191,1000,SA,2025-08-30,2025-08-30,INR,Jonathan
512192,3000,RE,2025-08-29,2025-08-29,JPY,Jennifer
512193,3000,RE,2025-10-09,2025-10-09,USD,Sarah
512194,2000,SA,2025-10-10,2025-10-10,INR,Alicia
512195,3000,PO,2025-10-09,2025-10-09,GBP,Adam
512196,1000,RE,2025-09-19,2025-09-19,EUR,John
512197,2000,SA,2025-08-29,2025-08-29,USD,Jordan
512198,1000,PO,2025-09-18,2025-09-18,JPY,Jennifer
512199,2000,PO,2025-10-09,2025-10-09,GBP,Jeffrey
512200,3000,KR,2025-08-17,2025-08-17,INR,Amanda
512201,1000,PO,2025-08-17,2025-08-17,EUR,Amy
512202,1000,PO,2025-09-08,2025-09-08,GBP,Jason
512203,1000,RE,2025-08-22,2025-08-22,GBP,Kevin
512204,1000,KR,2025-08-21,2025-08-21,GBP,Donna
512205,1000,SA,2025-09-13,2025-09-13,EUR,Michael
512206,1000,PO,2025-10-12,2025-10-12,JPY,Bryan
512207,1000,RE,2025-09-15,2025-09-15,INR,Michelle
512208,1000,RE,2025-08-17,2025-08-17,USD,James
512209,1000,KR,2025-10-02,2025-10-02,INR,Alexander
512210,2000,PO,2025-10-02,2025-10-02,EUR,Joshua
512211,3000,PO,2025-09-06,2025-09-06,JPY,Maria
512212,1000,PO,2025-10-03,2025-10-03,INR,Leslie
512213,2000,KR,2025-08-27,2025-08-27,INR,Carlos
512214,3000,KR,2025-09-25,2025-09-25,INR,Nathaniel
512215,3000,PO,2025-09-23,2025-09-23,EUR,Chris
512216,1000,PO,2025-09-02,2025-09-02,USD,Brandon
512217,3000,RE,2025-09-12,2025-09-12,EUR,Perry
512218,2000,SA,2025-10-09,2025-10-09,USD,Kristin
512219,3000,KR,2025-09-05,2025-09-05,GBP,Rebecca
512220,2000,RE,2025-08-25,2025-08-25,USD,Randy
512221,2000,PO,2025-09-14,2025-09-14,INR,Steven
512222,3000,KR,2025-09-29,2025-09-29,JPY,Pamela
512223,3000,KR,2025-10-03,2025-10-03,INR,Carolyn
512224,3000,KR,2025-09-15,2025-09-15,JPY,Amy
512225,3000,PO,2025-08-18,2025-08-18,EUR,Denise
512226,2000,SA,2025-10-09,2025-10-09,EUR,Raymond
512227,1000,SA,2025-09-19,2025-09-19,INR,Melissa
512228,3000,PO,2025-09-15,2025-09-15,INR,Timothy
512229,3000,PO,2025-09-25,2025-09-25,USD,Tracy
512230,3000,PO,2025-09-17,2025-09-17,INR,Roberto
512231,3000,PO,2025-08-22,2025-08-22,GBP,Megan
512232,1000,KR,2025-09-26,2025-09-26,EUR,George
512233,2000,RE,2025-09-17,2025-09-17,USD,Joe
512234,1000,SA,2025-08-16,2025-08-16,INR,Mark
512235,3000,KR,2025-08-30,2025-08-30,USD,Daniel
512236,2000,SA,2025-08-26,2025-08-26,INR,Kelly
512237,1000,RE,2025-10-12,2025-10-12,JPY,Russell
512238,3000,RE,2025-10-12,2025-10-12,INR,Christine
512239,3000,PO,2025-09-29,2025-09-29,GBP,Jeffrey
512240,2000,SA,2025-09-13,2025-09-13,JPY,Brenda
512241,1000,RE,2025-09-25,2025-09-25,USD,Kristi
512242,3000,SA,2025-09-10,2025-09-10,EUR,Larry
512243,3000,KR,2025-08-30,2025-08-30,EUR,Jordan
512244,3000,PO,2025-10-10,2025-10-10,EUR,Jessica
512245,2000,KR,2025-09-08,2025-09-08,JPY,Sara
512246,1000,SA,2025-08-26,2025-08-26,USD,Jacob
512247,3000,SA,2025-08-19,2025-08-19,EUR,Marisa
512248,2000,KR,2025-09-22,2025-09-22,INR,Kevin
512249,2000,RE,2025-08-24,2025-08-24,GBP,Alicia
512250,2000,RE,2025-09-15,2025-09-15,INR,Shawn
512251,2000,KR,2025-08-21,2025-08-21,JPY,Bonnie
512252,2000,PO,2025-09-01,2025-09-01,EUR,James
512253,2000,SA,2025-10-06,2025-10-06,EUR,Ashley
512254,2000,PO,2025-10-04,2025-10-04,EUR,Kimberly
512255,1000,SA,2025-09-09,2025-09-09,JPY,Mathew
512256,1000,SA,2025-10-10,2025-10-10,EUR,Courtney
512257,3000,PO,2025-09-16,2025-09-16,USD,Kari
512258,1000,PO,2025-10-08,2025-10-08,INR,Gregory
512259,2000,KR,2025-10-13,2025-10-13,EUR,Timothy
512260,1000,KR,2025-08-22,2025-08-22,INR,Michael
512261,2000,RE,2025-08-19,2025-08-19,JPY,Adam
512262,2000,KR,2025-10-06,2025-10-06,JPY,Joshua
512263,2000,KR,2025-09-05,2025-09-05,JPY,Kevin
512264,1000,SA,2025-08-17,2025-08-17,USD,Dalton
512265,1000,SA,2025-08-21,2025-08-21,USD,Stephanie
512266,2000,RE,2025-10-13,2025-10-13,EUR,Mark
512267,1000,RE,2025-10-14,2025-10-14,GBP,Adrian
512268,3000,RE,2025-10-14,2025-10-14,GBP,Travis
512269,3000,RE,2025-09-22,2025-09-22,USD,Emily
512270,3000,RE,2025-08-31,2025-08-31,GBP,Albert
512271,3000,SA,2025-09-20,2025-09-20,INR,Kaylee
512272,1000,SA,2025-09-10,2025-09-10,USD,Cheryl
512273,2000,PO,2025-09-04,2025-09-04,USD,Gloria
512274,3000,RE,2025-10-09,2025-10-09,USD,Raymond
512275,2000,RE,2025-09-24,2025-09-24,EUR,Melissa
512276,3000,PO,2025-10-05,2025-10-05,JPY,Sandra
512277,3000,KR,2025-09-16,2025-09-16,EUR,Melissa
512278,1000,SA,2025-08-23,2025-08-23,EUR,Kendra
512279,1000,SA,2025-09-15,2025-09-15,GBP,Michael
512280,2000,SA,2025-08-24,2025-08-24,INR,Kenneth
512281,1000,RE,2025-08-23,2025-08-23,EUR,Kevin
512282,1000,KR,2025-10-08,2025-10-08,JPY,Jim
512283,2000,RE,2025-08-18,2025-08-18,JPY,Jillian
512284,2000,KR,2025-09-26,2025-09-26,EUR,Heather
512285,1000,KR,2025-09-03,2025-09-03,USD,Steven
512286,3000,PO,2025-09-16,2025-09-16,USD,Kelly
512287,1000,SA,2025-09-08,2025-09-08,INR,Jerry
512288,2000,PO,2025-09-20,2025-09-20,USD,Omar
512289,2000,SA,2025-09-26,2025-09-26,JPY,James
512290,1000,KR,2025-09-14,2025-09-14,EUR,Mikayla
512291,1000,RE,2025-10-12,2025-10-12,EUR,Joshua
512292,1000,SA,2025-08-18,2025-08-18,INR,Shane
512293,2000,KR,2025-09-29,2025-09-29,JPY,Kevin
512294,3000,SA,2025-09-15,2025-09-15,GBP,Katelyn
512295,1000,PO,2025-09-26,2025-09-26,GBP,Laura
512296,3000,SA,2025-09-02,2025-09-02,INR,Brian
512297,2000,PO,2025-09-05,2025-09-05,JPY,Jacob
512298,2000,PO,2025-10-06,2025-10-06,EUR,Caitlin
512299,2000,RE,2025-09-30,2025-09-30,EUR,Mark
512300,1000,RE,2025-09-28,2025-09-28,INR,Brett
512301,1000,PO,2025-09-23,2025-09-23,USD,Helen
512302,2000,KR,2025-09-16,2025-09-16,INR,Leah
512303,2000,RE,2025-08-16,2025-08-16,USD,Joe
512304,1000,PO,2025-09-02,2025-09-02,JPY,Angela
512305,2000,SA,2025-09-12,2025-09-12,INR,Joshua
512306,2000,PO,2025-09-14,2025-09-14,JPY,Leah
512307,1000,KR,2025-09-23,2025-09-23,GBP,Christina
512308,1000,PO,2025-09-29,2025-09-29,GBP,Jeffrey
512309,2000,SA,2025-09-07,2025-09-07,JPY,Amanda
512310,3000,PO,2025-08-16,2025-08-16,USD,Dylan
512311,2000,PO,2025-10-14,2025-10-14,USD,Daniel
512312,3000,RE,2025-09-18,2025-09-18,INR,Vanessa
512313,1000,SA,2025-08-27,2025-08-27,USD,Aaron
512314,1000,KR,2025-09-07,2025-09-07,USD,Brittany
512315,2000,KR,2025-10-04,2025-10-04,JPY,Kristina
512316,3000,KR,2025-09-04,2025-09-04,INR,Kelsey
512317,3000,PO,2025-08-19,2025-08-19,INR,Melody
512318,3000,PO,2025-09-28,2025-09-28,INR,Stephen
512319,3000,SA,2025-09-01,2025-09-01,USD,Stacey
512320,2000,PO,2025-08-21,2025-08-21,INR,Steven
512321,1000,SA,2025-08-23,2025-08-23,EUR,Antonio
512322,2000,KR,2025-09-14,2025-09-14,EUR,Rebecca
512323,1000,SA,2025-08-21,2025-08-21,EUR,Denise
512324,2000,KR,2025-09-02,2025-09-02,USD,Brittney
512325,1000,SA,2025-09-30,2025-09-30,EUR,Jose
512326,3000,RE,2025-09-05,2025-09-05,GBP,Brandon
512327,3000,KR,2025-10-14,2025-10-14,INR,Shawna
512328,2000,KR,2025-09-20,2025-09-20,JPY,Chase
512329,1000,PO,2025-08-25,2025-08-25,INR,Brandon
512330,2000,PO,2025-08-17,2025-08-17,INR,Morgan
512331,1000,KR,2025-08-21,2025-08-21,GBP,Daniel
512332,1000,SA,2025-09-14,2025-09-14,JPY,Mitchell
512333,1000,RE,2025-10-01,2025-10-01,USD,Mary
512334,3000,RE,2025-09-19,2025-09-19,INR,Rebecca
512335,2000,PO,2025-09-05,2025-09-05,GBP,Christopher
512336,3000,PO,2025-08-16,2025-08-16,GBP,Victoria
512337,1000,RE,2025-09-08,2025-09-08,GBP,Kyle
512338,1000,SA,2025-09-25,2025-09-25,JPY,Nicholas
512339,2000,SA,2025-08-20,2025-08-20,EUR,Lisa
512340,2000,RE,2025-09-19,2025-09-19,USD,Danielle
512341,3000,RE,2025-10-03,2025-10-03,INR,Gabriel
512342,3000,SA,2025-08-28,2025-08-28,JPY,Jody
512343,3000,KR,2025-10-02,2025-10-02,USD,Aaron
512344,3000,SA,2025-09-20,2025-09-20,GBP,Amanda
512345,3000,SA,2025-10-12,2025-10-12,EUR,Alejandra
512346,1000,RE,2025-09-07,2025-09-07,INR,Steven
512347,3000,SA,2025-09-18,2025-09-18,JPY,Jessica
512348,3000,RE,2025-08-28,2025-08-28,INR,Regina
512349,1000,KR,2025-08-27,2025-08-27,INR,Suzanne
512350,1000,SA,2025-09-02,2025-09-02,EUR,Denise
512351,3000,KR,2025-08-18,2025-08-18,EUR,Anthony
512352,3000,RE,2025-10-13,2025-10-13,JPY,Michael
512353,3000,KR,2025-08-21,2025-08-21,INR,Danielle
512354,3000,SA,2025-09-09,2025-09-09,JPY,Kayla
512355,1000,SA,2025-09-21,2025-09-21,GBP,Matthew
512356,3000,KR,2025-10-10,2025-10-10,GBP,Joel
512357,1000,KR,2025-10-06,2025-10-06,EUR,Lisa
512358,2000,SA,2025-10-14,2025-10-14,INR,Robert
512359,2000,KR,2025-08-30,2025-08-30,INR,Jacob
512360,2000,KR,2025-08-27,2025-08-27,JPY,Brooke
512361,2000,RE,2025-10-10,2025-10-10,INR,Jonathan
512362,1000,RE,2025-09-25,2025-09-25,JPY,Walter
512363,3000,PO,2025-09-07,2025-09-07,INR,Daniel
512364,1000,RE,2025-09-03,2025-09-03,EUR,Amanda
512365,2000,KR,2025-09-03,2025-09-03,JPY,Tammy
512366,3000,SA,2025-09-06,2025-09-06,INR,Eric
512367,1000,PO,2025-09-18,2025-09-18,JPY,Susan
512368,2000,SA,2025-09-09,2025-09-09,EUR,Maria
512369,2000,RE,2025-09-05,2025-09-05,INR,Mark
512370,3000,PO,2025-08-26,2025-08-26,GBP,Brenda
512371,1000,RE,2025-08-27,2025-08-27,GBP,Natasha
512372,2000,KR,2025-09-11,2025-09-11,EUR,Nancy
512373,1000,KR,2025-09-09,2025-09-09,INR,Mark
512374,2000,KR,2025-09-03,2025-09-03,INR,Timothy
512375,3000,RE,2025-09-04,2025-09-04,INR,Melissa
512376,3000,RE,2025-09-27,2025-09-27,GBP,Yvonne
512377,3000,SA,2025-08-19,2025-08-19,GBP,Dustin
512378,2000,RE,2025-08-31,2025-08-31,USD,Malik
512379,2000,PO,2025-08-31,2025-08-31,JPY,Charles
512380,3000,PO,2025-08-18,2025-08-18,INR,Christopher
512381,2000,SA,2025-09-13,2025-09-13,EUR,Willie
512382,2000,PO,2025-10-14,2025-10-14,INR,Shelley
512383,1000,RE,2025-09-15,2025-09-15,EUR,Jacob
512384,1000,PO,2025-08-19,2025-08-19,EUR,Edwin
512385,1000,SA,2025-08-30,2025-08-30,GBP,Adam
512386,2000,PO,2025-10-11,2025-10-11,INR,Marilyn
512387,2000,RE,2025-08-31,2025-08-31,GBP,Amy
512388,1000,KR,2025-10-13,2025-10-13,USD,Christine
512389,3000,SA,2025-09-26,2025-09-26,GBP,Erika
512390,3000,RE,2025-10-11,2025-10-11,USD,Joshua
512391,2000,SA,2025-10-08,2025-10-08,EUR,Heather
512392,2000,PO,2025-10-12,2025-10-12,EUR,Michael
512393,1000,PO,2025-09-10,2025-09-10,JPY,Jason
512394,3000,SA,2025-09-17,2025-09-17,USD,Gina
512395,2000,KR,2025-10-12,2025-10-12,USD,James
512396,1000,PO,2025-10-10,2025-10-10,JPY,Alexandra
512397,1000,KR,2025-09-25,2025-09-25,EUR,Nathan
512398,2000,PO,2025-08-21,2025-08-21,EUR,Shannon
512399,2000,SA,2025-09-16,2025-09-16,GBP,Yesenia
512400,1000,RE,2025-09-29,2025-09-29,JPY,Carolyn
512401,1000,SA,2025-10-08,2025-10-08,EUR,Timothy
512402,1000,SA,2025-08-20,2025-08-20,EUR,Zachary
512403,2000,SA,2025-09-23,2025-09-23,JPY,Michael
512404,3000,RE,2025-09-26,2025-09-26,INR,Johnny
512405,1000,RE,2025-08-30,2025-08-30,INR,Dennis
512406,3000,RE,2025-09-02,2025-09-02,USD,Patrick
512407,2000,RE,2025-08-19,2025-08-19,GBP,Scott
512408,3000,SA,2025-08-31,2025-08-31,INR,Jessica
512409,3000,PO,2025-09-18,2025-09-18,EUR,Andrew
512410,2000,KR,2025-09-02,2025-09-02,EUR,Mark
512411,2000,RE,2025-09-06,2025-09-06,EUR,Thomas
512412,2000,PO,2025-08-17,2025-08-17,INR,Natalie
512413,1000,RE,2025-09-01,2025-09-01,INR,Paula
512414,1000,KR,2025-09-28,2025-09-28,EUR,Isabel
512415,2000,KR,2025-09-16,2025-09-16,EUR,Jonathan
512416,1000,RE,2025-09-16,2025-09-16,USD,Cassandra
512417,3000,KR,2025-09-28,2025-09-28,JPY,Denise
512418,1000,RE,2025-08-27,2025-08-27,EUR,Kathleen
512419,1000,RE,2025-09-21,2025-09-21,INR,Devin
512420,3000,SA,2025-08-21,2025-08-21,GBP,Christine
512421,2000,PO,2025-08-27,2025-08-27,GBP,Lisa
512422,2000,KR,2025-10-08,2025-10-08,JPY,David
512423,2000,KR,2025-08-23,2025-08-23,USD,Kimberly
512424,3000,RE,2025-09-12,2025-09-12,INR,James
512425,1000,SA,2025-09-06,2025-09-06,GBP,Austin
512426,2000,KR,2025-08-26,2025-08-26,JPY,Aaron
512427,3000,PO,2025-09-18,2025-09-18,EUR,Christina
512428,1000,PO,2025-09-14,2025-09-14,USD,Julie
512429,1000,RE,2025-08-16,2025-08-16,JPY,Timothy
512430,2000,SA,2025-08-20,2025-08-20,USD,Kathryn
512431,1000,SA,2025-09-18,2025-09-18,GBP,Mark
512432,3000,PO,2025-08-22,2025-08-22,JPY,James
512433,3000,KR,2025-08-22,2025-08-22,INR,Benjamin
512434,2000,KR,2025-09-17,2025-09-17,JPY,Kevin
512435,3000,RE,2025-08-20,2025-08-20,USD,John
512436,2000,KR,2025-09-04,2025-09-04,JPY,Jessica
512437,3000,SA,2025-09-19,2025-09-19,EUR,Rachel
512438,1000,PO,2025-09-04,2025-09-04,EUR,Heather
512439,1000,SA,2025-08-29,2025-08-29,GBP,Christina
512440,3000,KR,2025-09-12,2025-09-12,JPY,Kevin
512441,2000,KR,2025-10-13,2025-10-13,USD,Matthew
512442,3000,SA,2025-10-12,2025-10-12,USD,Janice
512443,3000,KR,2025-09-18,2025-09-18,GBP,Steven
512444,3000,PO,2025-10-02,2025-10-02,JPY,Stephanie
512445,2000,PO,2025-09-05,2025-09-05,USD,Samantha
512446,2000,RE,2025-08-24,2025-08-24,EUR,Bridget
512447,1000,KR,2025-08-19,2025-08-19,GBP,Jamie
512448,1000,RE,2025-08-30,2025-08-30,JPY,Gary
512449,3000,RE,2025-10-09,2025-10-09,INR,Eric
512450,1000,RE,2025-09-05,2025-09-05,USD,Phillip
512451,2000,RE,2025-09-18,2025-09-18,USD,Abigail
512452,2000,RE,2025-08-23,2025-08-23,INR,Kristen
512453,1000,PO,2025-09-12,2025-09-12,JPY,Karen
512454,3000,SA,2025-09-05,2025-09-05,JPY,Kathy
512455,1000,PO,2025-08-22,2025-08-22,USD,James
512456,1000,SA,2025-10-10,2025-10-10,JPY,Sergio
512457,3000,KR,2025-08-22,2025-08-22,EUR,Monique
512458,3000,SA,2025-09-11,2025-09-11,EUR,Nicholas
512459,1000,KR,2025-10-11,2025-10-11,INR,Tabitha
512460,3000,KR,2025-10-10,2025-10-10,USD,Allison
512461,3000,KR,2025-09-23,2025-09-23,JPY,Frances
512462,1000,KR,2025-09-27,2025-09-27,GBP,Caroline
512463,2000,PO,2025-09-03,2025-09-03,INR,Krystal
512464,2000,KR,2025-09-20,2025-09-20,INR,Thomas
512465,3000,PO,2025-10-05,2025-10-05,JPY,Michael
512466,2000,RE,2025-09-26,2025-09-26,EUR,Tanya
512467,1000,PO,2025-09-08,2025-09-08,INR,Hannah
512468,2000,PO,2025-10-12,2025-10-12,GBP,Kevin
512469,3000,KR,2025-08-31,2025-08-31,INR,Ann
512470,2000,SA,2025-09-15,2025-09-15,EUR,Daniel
512471,1000,KR,2025-09-08,2025-09-08,INR,Lindsey
512472,2000,KR,2025-09-07,2025-09-07,USD,Carolyn
512473,1000,KR,2025-08-17,2025-08-17,GBP,Antonio
512474,1000,KR,2025-08-22,2025-08-22,GBP,Keith
512475,3000,PO,2025-09-20,2025-09-20,USD,Amber
512476,2000,KR,2025-10-13,2025-10-13,INR,Sharon
512477,3000,RE,2025-09-01,2025-09-01,JPY,Jennifer
512478,3000,PO,2025-09-22,2025-09-22,USD,Robert
512479,1000,KR,2025-10-09,2025-10-09,EUR,Joshua
512480,3000,PO,2025-09-20,2025-09-20,USD,Michael
512481,1000,KR,2025-09-21,2025-09-21,GBP,Mary
512482,1000,SA,2025-09-04,2025-09-04,INR,Robin
512483,1000,KR,2025-09-29,2025-09-29,JPY,Robert
512484,2000,RE,2025-08-20,2025-08-20,GBP,Crystal
512485,2000,KR,2025-08-21,2025-08-21,INR,William
512486,3000,RE,2025-09-26,2025-09-26,JPY,Jacob
512487,2000,SA,2025-08-23,2025-08-23,GBP,Mark
512488,3000,PO,2025-09-23,2025-09-23,USD,Chad
512489,1000,RE,2025-09-18,2025-09-18,GBP,Jimmy
512490,1000,KR,2025-09-13,2025-09-13,EUR,Heather
512491,1000,SA,2025-09-29,2025-09-29,EUR,Erik
512492,3000,PO,2025-08-20,2025-08-20,EUR,James
512493,1000,KR,2025-09-08,2025-09-08,USD,Jeffrey
512494,2000,RE,2025-09-02,2025-09-02,GBP,Brittany
512495,1000,RE,2025-08-19,2025-08-19,JPY,Joseph
512496,1000,PO,2025-10-13,2025-10-13,INR,Roberto
512497,3000,PO,2025-08-28,2025-08-28,USD,Joel
512498,1000,KR,2025-08-27,2025-08-27,JPY,Katrina
512499,1000,KR,2025-10-14,2025-10-14,USD,Lance
512500,2000,KR,2025-09-14,2025-09-14,INR,Matthew
512501,1000,PO,2025-09-04,2025-09-04,GBP,Tammy
512502,1000,SA,2025-09-15,2025-09-15,JPY,Terri
512503,1000,SA,2025-09-07,2025-09-07,EUR,Maria
512504,3000,RE,2025-08-20,2025-08-20,INR,Melissa
512505,2000,SA,2025-08-19,2025-08-19,GBP,Megan
512506,3000,SA,2025-09-08,2025-09-08,JPY,John
512507,3000,SA,2025-09-23,2025-09-23,GBP,Shirley
512508,2000,RE,2025-08-30,2025-08-30,GBP,Kristi
512509,3000,SA,2025-09-22,2025-09-22,JPY,Jerry
512510,3000,SA,2025-09-30,2025-09-30,GBP,Kathy
512511,1000,PO,2025-09-04,2025-09-04,GBP,James
512512,3000,SA,2025-09-05,2025-09-05,GBP,Randy
512513,1000,PO,2025-09-11,2025-09-11,JPY,Andrew
512514,1000,RE,2025-09-30,2025-09-30,USD,Frank
512515,1000,KR,2025-10-13,2025-10-13,INR,David
512516,1000,SA,2025-09-01,2025-09-01,GBP,Wesley
512517,1000,RE,2025-10-04,2025-10-04,EUR,Tabitha
512518,2000,PO,2025-10-06,2025-10-06,JPY,Brian
512519,1000,PO,2025-09-09,2025-09-09,GBP,Jody
512520,2000,PO,2025-09-02,2025-09-02,USD,Alyssa
512521,3000,KR,2025-09-30,2025-09-30,EUR,Catherine
512522,2000,KR,2025-10-12,2025-10-12,JPY,Pamela
512523,1000,RE,2025-10-07,2025-10-07,USD,Heather
512524,3000,SA,2025-09-26,2025-09-26,JPY,Sarah
512525,3000,KR,2025-09-26,2025-09-26,EUR,Megan
512526,2000,SA,2025-08-26,2025-08-26,USD,Brittany
512527,3000,SA,2025-09-12,2025-09-12,GBP,Nancy
512528,2000,SA,2025-09-19,2025-09-19,USD,Rebecca
512529,2000,KR,2025-08-18,2025-08-18,JPY,Steve
512530,2000,RE,2025-09-06,2025-09-06,INR,Tina
512531,2000,KR,2025-09-22,2025-09-22,EUR,Todd
512532,1000,KR,2025-09-29,2025-09-29,GBP,Christopher
512533,3000,SA,2025-09-20,2025-09-20,USD,Howard
512534,1000,PO,2025-09-04,2025-09-04,GBP,Victoria
512535,2000,RE,2025-09-03,2025-09-03,USD,Virginia
512536,3000,SA,2025-09-29,2025-09-29,GBP,Brad
512537,2000,RE,2025-10-06,2025-10-06,USD,Latasha
512538,2000,PO,2025-09-11,2025-09-11,EUR,Julie
512539,2000,KR,2025-09-07,2025-09-07,USD,Reginald
512540,3000,RE,2025-09-18,2025-09-18,JPY,John
512541,3000,KR,2025-08-19,2025-08-19,JPY,David
512542,2000,SA,2025-10-11,2025-10-11,GBP,Cory
512543,3000,SA,2025-09-04,2025-09-04,EUR,Briana
512544,2000,PO,2025-10-04,2025-10-04,GBP,Joseph
512545,3000,RE,2025-08-22,2025-08-22,INR,Douglas
512546,2000,KR,2025-10-12,2025-10-12,EUR,Donald
512547,2000,PO,2025-09-24,2025-09-24,GBP,Alex
512548,2000,RE,2025-09-10,2025-09-10,GBP,Jennifer
512549,3000,KR,2025-10-09,2025-10-09,USD,Valerie
512550,3000,KR,2025-08-31,2025-08-31,GBP,Rachel
512551,1000,RE,2025-08-24,2025-08-24,GBP,Laura
512552,3000,SA,2025-08-31,2025-08-31,GBP,Holly
512553,2000,RE,2025-10-02,2025-10-02,GBP,Denise
512554,1000,KR,2025-08-24,2025-08-24,EUR,Katherine
512555,1000,RE,2025-10-02,2025-10-02,GBP,Robin
512556,1000,RE,2025-09-03,2025-09-03,EUR,Brenda
512557,2000,KR,2025-08-18,2025-08-18,JPY,Adrienne
512558,3000,RE,2025-10-06,2025-10-06,INR,Pamela
512559,1000,KR,2025-10-14,2025-10-14,EUR,Jacob
512560,1000,PO,2025-08-28,2025-08-28,USD,Lisa
512561,1000,PO,2025-09-03,2025-09-03,USD,Rebecca
512562,3000,KR,2025-08-21,2025-08-21,GBP,Judith
512563,1000,SA,2025-08-23,2025-08-23,JPY,James
512564,1000,RE,2025-10-02,2025-10-02,INR,Ashley
512565,3000,KR,2025-10-02,2025-10-02,GBP,Michael
512566,3000,KR,2025-09-25,2025-09-25,GBP,Travis
512567,2000,SA,2025-09-30,2025-09-30,INR,Lori
512568,2000,RE,2025-09-19,2025-09-19,INR,Joshua
512569,3000,PO,2025-08-31,2025-08-31,JPY,Brooke
512570,2000,RE,2025-08-30,2025-08-30,JPY,Jennifer
512571,1000,KR,2025-08-25,2025-08-25,INR,Andrea
512572,2000,PO,2025-10-03,2025-10-03,JPY,William
512573,3000,PO,2025-08-20,2025-08-20,JPY,Kyle
512574,2000,KR,2025-09-09,2025-09-09,USD,John
512575,3000,RE,2025-10-08,2025-10-08,USD,Kaitlin
512576,1000,SA,2025-08-26,2025-08-26,INR,Elizabeth
512577,2000,RE,2025-10-04,2025-10-04,JPY,Christine
512578,2000,RE,2025-08-24,2025-08-24,USD,Dean
512579,1000,PO,2025-08-30,2025-08-30,EUR,Christina
512580,3000,SA,2025-08-23,2025-08-23,USD,Grace
512581,1000,RE,2025-09-22,2025-09-22,INR,Michael
512582,2000,KR,2025-09-26,2025-09-26,INR,Jacqueline
512583,3000,PO,2025-08-24,2025-08-24,EUR,Cesar
512584,2000,PO,2025-09-26,2025-09-26,USD,Jacqueline
512585,2000,RE,2025-08-22,2025-08-22,EUR,David
512586,2000,PO,2025-09-20,2025-09-20,INR,David
512587,2000,RE,2025-10-06,2025-10-06,GBP,Brenda
512588,1000,SA,2025-09-26,2025-09-26,JPY,Amanda
512589,3000,PO,2025-08-18,2025-08-18,JPY,Laura
512590,2000,KR,2025-09-09,2025-09-09,JPY,Elizabeth
512591,1000,SA,2025-09-18,2025-09-18,EUR,Nicolas
512592,1000,SA,2025-08-23,2025-08-23,EUR,Nicole
512593,1000,KR,2025-10-01,2025-10-01,USD,Christina
512594,1000,PO,2025-09-13,2025-09-13,JPY,Sarah
512595,1000,SA,2025-09-11,2025-09-11,EUR,Dustin
512596,1000,KR,2025-09-06,2025-09-06,INR,Matthew
512597,2000,KR,2025-09-05,2025-09-05,USD,Brenda
512598,1000,KR,2025-09-06,2025-09-06,EUR,Robert
512599,3000,SA,2025-09-06,2025-09-06,JPY,Maria
512600,3000,PO,2025-10-02,2025-10-02,GBP,Shelby
512601,2000,SA,2025-09-01,2025-09-01,INR,Jennifer
512602,2000,KR,2025-08-21,2025-08-21,INR,Louis
512603,2000,KR,2025-09-23,2025-09-23,JPY,Jennifer
512604,2000,KR,2025-09-24,2025-09-24,USD,Tyler
512605,3000,SA,2025-09-16,2025-09-16,JPY,Diane
512606,2000,RE,2025-09-02,2025-09-02,JPY,Ernest
512607,1000,PO,2025-09-27,2025-09-27,GBP,Erin
512608,3000,RE,2025-09-27,2025-09-27,JPY,David
512609,3000,RE,2025-10-02,2025-10-02,EUR,Debra
512610,3000,KR,2025-09-03,2025-09-03,EUR,Jay
512611,1000,RE,2025-08-28,2025-08-28,GBP,Mary
512612,2000,SA,2025-10-12,2025-10-12,GBP,David
512613,2000,RE,2025-09-19,2025-09-19,USD,James
512614,3000,SA,2025-09-15,2025-09-15,EUR,Allison
512615,2000,KR,2025-10-13,2025-10-13,INR,James
512616,2000,RE,2025-08-19,2025-08-19,GBP,Tiffany
512617,2000,PO,2025-09-06,2025-09-06,GBP,Sherry
512618,1000,PO,2025-08-22,2025-08-22,INR,Amanda
512619,1000,RE,2025-10-08,2025-10-08,USD,Cheryl
512620,3000,PO,2025-10-01,2025-10-01,GBP,Martin
512621,2000,PO,2025-09-12,2025-09-12,EUR,Christopher
512622,3000,SA,2025-09-15,2025-09-15,INR,Vickie
512623,3000,RE,2025-10-06,2025-10-06,GBP,Dawn
512624,1000,SA,2025-09-01,2025-09-01,GBP,Bridget
512625,3000,KR,2025-09-05,2025-09-05,GBP,Robin
512626,1000,RE,2025-09-22,2025-09-22,USD,Jason
512627,3000,PO,2025-10-06,2025-10-06,JPY,Anthony
512628,1000,KR,2025-08-19,2025-08-19,USD,Lisa
512629,1000,SA,2025-09-11,2025-09-11,JPY,Mackenzie
512630,2000,KR,2025-10-08,2025-10-08,GBP,Kelsey
512631,1000,PO,2025-09-07,2025-09-07,JPY,Jennifer
512632,2000,PO,2025-09-06,2025-09-06,USD,Zachary
512633,3000,SA,2025-09-11,2025-09-11,INR,Charles
512634,3000,SA,2025-09-24,2025-09-24,GBP,Michael
512635,3000,RE,2025-09-02,2025-09-02,USD,Stacie
512636,2000,KR,2025-09-27,2025-09-27,INR,Amanda
512637,2000,SA,2025-08-24,2025-08-24,USD,Tracy
512638,1000,RE,2025-09-26,2025-09-26,JPY,Christopher
512639,2000,KR,2025-09-30,2025-09-30,JPY,Terry
512640,2000,PO,2025-08-16,2025-08-16,USD,James
512641,2000,RE,2025-09-08,2025-09-08,INR,Carol
512642,2000,PO,2025-08-20,2025-08-20,EUR,Richard
512643,3000,RE,2025-09-29,2025-09-29,USD,Curtis
512644,3000,KR,2025-10-11,2025-10-11,INR,Jeffery
512645,1000,PO,2025-09-02,2025-09-02,EUR,Steven
512646,2000,SA,2025-08-24,2025-08-24,INR,Joseph
512647,3000,KR,2025-10-14,2025-10-14,INR,Robert
512648,2000,RE,2025-10-07,2025-10-07,INR,Brian
512649,3000,RE,2025-08-17,2025-08-17,USD,Kristen
512650,2000,RE,2025-09-15,2025-09-15,GBP,Steven
512651,1000,RE,2025-08-22,2025-08-22,GBP,Jacob
512652,3000,PO,2025-09-30,2025-09-30,GBP,Christy
512653,1000,KR,2025-09-30,2025-09-30,EUR,Matthew
512654,3000,PO,2025-09-12,2025-09-12,JPY,Taylor
512655,3000,PO,2025-09-18,2025-09-18,INR,Monica
512656,1000,SA,2025-09-02,2025-09-02,USD,Danielle
512657,2000,RE,2025-10-04,2025-10-04,GBP,Jillian
512658,3000,SA,2025-09-26,2025-09-26,USD,Kurt
512659,3000,PO,2025-09-22,2025-09-22,JPY,Morgan
512660,1000,PO,2025-09-03,2025-09-03,GBP,Bryan
512661,3000,RE,2025-09-30,2025-09-30,INR,Jason
512662,2000,KR,2025-08-28,2025-08-28,USD,Lindsey
512663,2000,SA,2025-10-06,2025-10-06,JPY,Zachary
512664,1000,KR,2025-10-11,2025-10-11,INR,Julia
512665,3000,RE,2025-08-17,2025-08-17,GBP,Danielle
512666,1000,KR,2025-09-29,2025-09-29,EUR,Sara
512667,2000,RE,2025-09-17,2025-09-17,USD,Stephen
512668,1000,KR,2025-08-29,2025-08-29,GBP,John
512669,2000,KR,2025-09-10,2025-09-10,EUR,Ashley
512670,1000,KR,2025-09-17,2025-09-17,GBP,Katrina
512671,3000,PO,2025-09-22,2025-09-22,INR,Michael
512672,3000,SA,2025-09-30,2025-09-30,USD,Jack
512673,3000,SA,2025-08-25,2025-08-25,JPY,Anthony
512674,3000,RE,2025-10-10,2025-10-10,EUR,Paula
512675,2000,KR,2025-09-30,2025-09-30,EUR,Michael
512676,1000,PO,2025-09-10,2025-09-10,JPY,Jessica
512677,2000,KR,2025-09-15,2025-09-15,INR,Madison
512678,3000,RE,2025-10-07,2025-10-07,GBP,John
512679,1000,KR,2025-08-28,2025-08-28,GBP,Crystal
512680,1000,KR,2025-08-25,2025-08-25,USD,Kristen
512681,2000,PO,2025-10-03,2025-10-03,GBP,Darin
512682,3000,KR,2025-10-02,2025-10-02,USD,Kenneth
512683,3000,KR,2025-09-20,2025-09-20,USD,Jennifer
512684,2000,SA,2025-08-24,2025-08-24,GBP,Jonathan
512685,2000,PO,2025-09-04,2025-09-04,EUR,Chelsea
512686,3000,PO,2025-10-04,2025-10-04,JPY,Jessica
512687,3000,RE,2025-08-22,2025-08-22,EUR,Hannah
512688,3000,PO,2025-08-30,2025-08-30,INR,Sheri
512689,1000,PO,2025-09-15,2025-09-15,GBP,Matthew
512690,3000,KR,2025-09-26,2025-09-26,USD,Kristin
512691,3000,SA,2025-08-16,2025-08-16,GBP,Duane
512692,1000,PO,2025-10-14,2025-10-14,JPY,Dustin
512693,1000,SA,2025-09-13,2025-09-13,EUR,Victoria
512694,1000,KR,2025-09-14,2025-09-14,INR,Danielle
512695,2000,RE,2025-08-23,2025-08-23,GBP,Tracie
512696,2000,SA,2025-09-12,2025-09-12,USD,Andrew
512697,1000,RE,2025-09-16,2025-09-16,JPY,Jesse
512698,1000,KR,2025-10-08,2025-10-08,GBP,Richard
512699,1000,RE,2025-08-18,2025-08-18,JPY,Sandra
512700,3000,PO,2025-08-23,2025-08-23,GBP,Edward
512701,1000,KR,2025-09-27,2025-09-27,INR,Thomas
512702,3000,RE,2025-09-07,2025-09-07,INR,Harold
512703,3000,PO,2025-09-06,2025-09-06,GBP,Mark
512704,3000,SA,2025-10-08,2025-10-08,USD,Michael
512705,1000,KR,2025-08-18,2025-08-18,INR,Kevin
512706,3000,SA,2025-10-11,2025-10-11,INR,Tonya
512707,1000,RE,2025-08-29,2025-08-29,USD,David
512708,2000,PO,2025-09-15,2025-09-15,EUR,Michael
512709,2000,KR,2025-09-05,2025-09-05,JPY,Debbie
512710,2000,RE,2025-09-29,2025-09-29,GBP,Jennifer
512711,3000,SA,2025-09-20,2025-09-20,EUR,Jeremy
512712,1000,SA,2025-08-21,2025-08-21,INR,Sharon
512713,1000,KR,2025-09-29,2025-09-29,GBP,Alyssa
512714,3000,KR,2025-08-17,2025-08-17,USD,Krystal
512715,2000,SA,2025-09-08,2025-09-08,GBP,John
512716,1000,RE,2025-10-01,2025-10-01,JPY,Henry
512717,1000,SA,2025-08-27,2025-08-27,EUR,Jacob
512718,2000,RE,2025-09-17,2025-09-17,INR,David
512719,3000,SA,2025-09-11,2025-09-11,JPY,Omar
512720,1000,KR,2025-09-30,2025-09-30,GBP,Eileen
512721,2000,RE,2025-10-05,2025-10-05,USD,Daniel
512722,2000,KR,2025-09-29,2025-09-29,USD,Jeffrey
512723,1000,SA,2025-09-19,2025-09-19,INR,Alicia
512724,1000,KR,2025-08-23,2025-08-23,JPY,Hector
512725,3000,PO,2025-09-15,2025-09-15,JPY,Patty
512726,2000,PO,2025-09-29,2025-09-29,GBP,Robert
512727,1000,KR,2025-10-05,2025-10-05,INR,Carrie
512728,2000,SA,2025-08-20,2025-08-20,JPY,Sandra
512729,2000,SA,2025-10-10,2025-10-10,JPY,Lauren
512730,1000,SA,2025-10-12,2025-10-12,JPY,Robert
512731,2000,PO,2025-08-29,2025-08-29,INR,Destiny
512732,2000,PO,2025-09-06,2025-09-06,GBP,Patrick
512733,3000,SA,2025-08-29,2025-08-29,GBP,Michele
512734,2000,SA,2025-08-28,2025-08-28,INR,Christopher
512735,2000,RE,2025-08-20,2025-08-20,GBP,Jeffery
512736,3000,RE,2025-08-17,2025-08-17,JPY,Jessica
512737,2000,RE,2025-09-09,2025-09-09,GBP,Glenda
512738,2000,SA,2025-10-07,2025-10-07,JPY,Alicia
512739,1000,RE,2025-09-18,2025-09-18,EUR,Erik
512740,1000,KR,2025-08-27,2025-08-27,INR,Margaret
512741,2000,SA,2025-10-13,2025-10-13,EUR,William
512742,1000,RE,2025-09-04,2025-09-04,INR,Joseph
512743,1000,RE,2025-08-25,2025-08-25,JPY,Kathryn
512744,2000,KR,2025-09-05,2025-09-05,USD,Ryan
512745,1000,KR,2025-09-12,2025-09-12,GBP,Robert
512746,3000,KR,2025-08-24,2025-08-24,USD,Regina
512747,3000,RE,2025-08-28,2025-08-28,EUR,Christopher
512748,2000,PO,2025-10-07,2025-10-07,USD,Cindy
512749,2000,KR,2025-08-20,2025-08-20,GBP,Marvin
512750,2000,RE,2025-09-21,2025-09-21,INR,Jimmy
512751,2000,SA,2025-09-20,2025-09-20,GBP,Eric
512752,2000,RE,2025-09-28,2025-09-28,EUR,Monica
512753,2000,PO,2025-09-05,2025-09-05,JPY,Sandra
512754,3000,PO,2025-10-05,2025-10-05,JPY,Kylie
512755,2000,KR,2025-09-19,2025-09-19,EUR,Kelli
512756,2000,KR,2025-09-20,2025-09-20,GBP,Gary
512757,3000,RE,2025-09-02,2025-09-02,JPY,David
512758,3000,SA,2025-09-17,2025-09-17,JPY,Daisy
512759,3000,SA,2025-08-25,2025-08-25,JPY,Timothy
512760,2000,PO,2025-08-16,2025-08-16,GBP,Anthony
512761,3000,KR,2025-09-13,2025-09-13,JPY,Charles
512762,2000,PO,2025-08-19,2025-08-19,GBP,Ashley
512763,1000,KR,2025-08-16,2025-08-16,EUR,Hector
512764,1000,PO,2025-08-29,2025-08-29,INR,Jeremy
512765,3000,KR,2025-08-19,2025-08-19,USD,Mary
512766,3000,RE,2025-10-13,2025-10-13,INR,Maurice
512767,3000,PO,2025-08-21,2025-08-21,INR,Lisa
512768,2000,RE,2025-09-18,2025-09-18,INR,David
512769,3000,SA,2025-09-01,2025-09-01,JPY,Kathleen
512770,2000,PO,2025-09-02,2025-09-02,GBP,Michael
512771,3000,RE,2025-10-01,2025-10-01,INR,Phillip
512772,1000,SA,2025-08-22,2025-08-22,JPY,Gabriel
512773,3000,SA,2025-10-07,2025-10-07,USD,David
512774,3000,RE,2025-09-06,2025-09-06,USD,Heather
512775,1000,KR,2025-08-16,2025-08-16,EUR,Erik
512776,3000,RE,2025-09-10,2025-09-10,USD,Ashlee
512777,3000,SA,2025-08-26,2025-08-26,EUR,Jerry
512778,2000,PO,2025-09-03,2025-09-03,INR,Alexander
512779,3000,PO,2025-09-28,2025-09-28,GBP,Timothy
512780,2000,SA,2025-09-11,2025-09-11,INR,Nicholas
512781,2000,PO,2025-10-09,2025-10-09,USD,Shawna
512782,1000,PO,2025-09-22,2025-09-22,INR,Jonathan
512783,3000,SA,2025-09-22,2025-09-22,INR,Robert
512784,1000,RE,2025-09-16,2025-09-16,EUR,Erik
512785,1000,KR,2025-08-20,2025-08-20,INR,Jacob
512786,3000,PO,2025-10-01,2025-10-01,GBP,Meghan
512787,1000,PO,2025-09-13,2025-09-13,USD,Robert
512788,1000,PO,2025-10-08,2025-10-08,USD,Jose
512789,2000,SA,2025-09-16,2025-09-16,GBP,Mallory
512790,2000,RE,2025-09-18,2025-09-18,INR,Matthew
512791,2000,SA,2025-09-22,2025-09-22,EUR,Jeffery
512792,1000,KR,2025-09-30,2025-09-30,INR,Paul
512793,1000,RE,2025-08-31,2025-08-31,JPY,Ruth
512794,3000,KR,2025-08-30,2025-08-30,USD,Samantha
512795,1000,RE,2025-08-21,2025-08-21,EUR,Dawn
512796,2000,RE,2025-08-21,2025-08-21,USD,Todd
512797,2000,RE,2025-09-11,2025-09-11,GBP,Jack
512798,2000,RE,2025-10-12,2025-10-12,INR,Kevin
512799,3000,RE,2025-09-13,2025-09-13,JPY,Michael
512800,2000,PO,2025-09-10,2025-09-10,GBP,Sherry
512801,1000,RE,2025-09-12,2025-09-12,USD,Carlos
512802,1000,PO,2025-09-28,2025-09-28,INR,Christina
512803,2000,KR,2025-08-23,2025-08-23,USD,Kathleen
512804,1000,SA,2025-08-31,2025-08-31,GBP,Marc
512805,2000,PO,2025-08-18,2025-08-18,EUR,Mary
512806,1000,KR,2025-09-24,2025-09-24,JPY,Lisa
512807,2000,KR,2025-09-05,2025-09-05,USD,Barbara
512808,2000,SA,2025-10-07,2025-10-07,EUR,Thomas
512809,1000,SA,2025-10-02,2025-10-02,USD,Timothy
512810,1000,PO,2025-09-04,2025-09-04,USD,Kathleen
512811,2000,PO,2025-10-07,2025-10-07,INR,Joshua
512812,2000,SA,2025-10-12,2025-10-12,JPY,Daniel
512813,1000,SA,2025-10-03,2025-10-03,INR,Stephanie
512814,1000,KR,2025-09-13,2025-09-13,USD,Christine
512815,1000,RE,2025-08-22,2025-08-22,EUR,Yolanda
512816,1000,KR,2025-09-22,2025-09-22,GBP,Jacob
512817,3000,RE,2025-09-20,2025-09-20,JPY,Gabriella
512818,3000,PO,2025-09-20,2025-09-20,JPY,Steven
512819,3000,SA,2025-09-08,2025-09-08,JPY,James
512820,3000,SA,2025-09-24,2025-09-24,INR,Gabriel
512821,2000,RE,2025-09-14,2025-09-14,JPY,Jose
512822,2000,PO,2025-09-28,2025-09-28,EUR,Diana
512823,3000,KR,2025-10-02,2025-10-02,GBP,Zachary
512824,3000,RE,2025-09-26,2025-09-26,GBP,Curtis
512825,2000,PO,2025-08-27,2025-08-27,GBP,Rachel
512826,1000,RE,2025-08-16,2025-08-16,USD,Kristine
512827,1000,SA,2025-10-03,2025-10-03,USD,Robert
512828,1000,PO,2025-10-08,2025-10-08,EUR,Jennifer
512829,2000,RE,2025-10-09,2025-10-09,EUR,Joshua
512830,1000,RE,2025-10-14,2025-10-14,INR,Kristin
512831,1000,PO,2025-09-15,2025-09-15,USD,Stephanie
512832,2000,PO,2025-09-27,2025-09-27,EUR,Pamela
512833,2000,RE,2025-09-06,2025-09-06,EUR,Albert
512834,2000,RE,2025-08-18,2025-08-18,GBP,Jose
512835,2000,PO,2025-10-12,2025-10-12,GBP,Zachary
512836,3000,RE,2025-09-19,2025-09-19,JPY,Michelle
512837,2000,KR,2025-08-24,2025-08-24,JPY,Terrance
512838,3000,KR,2025-09-07,2025-09-07,JPY,Alice
512839,2000,RE,2025-09-01,2025-09-01,GBP,Ryan
512840,3000,PO,2025-08-16,2025-08-16,INR,Brian
512841,3000,KR,2025-10-03,2025-10-03,INR,Margaret
512842,3000,PO,2025-09-28,2025-09-28,EUR,Pamela
512843,1000,RE,2025-09-08,2025-09-08,EUR,Scott
512844,2000,RE,2025-09-18,2025-09-18,INR,Jennifer
512845,3000,PO,2025-09-21,2025-09-21,GBP,Brandon
512846,1000,KR,2025-10-10,2025-10-10,GBP,Erin
512847,2000,PO,2025-10-12,2025-10-12,USD,Lisa
512848,1000,PO,2025-10-14,2025-10-14,GBP,Evelyn
512849,1000,PO,2025-09-02,2025-09-02,USD,Kenneth
512850,1000,PO,2025-08-19,2025-08-19,GBP,Paul
512851,3000,PO,2025-09-29,2025-09-29,GBP,Kendra
512852,2000,KR,2025-10-13,2025-10-13,JPY,Brianna
512853,3000,RE,2025-10-09,2025-10-09,GBP,Alexander
512854,1000,SA,2025-09-29,2025-09-29,JPY,Bryan
512855,2000,PO,2025-10-10,2025-10-10,EUR,Elizabeth
512856,2000,PO,2025-09-16,2025-09-16,INR,Jeffrey
512857,3000,SA,2025-09-10,2025-09-10,INR,Christopher
512858,2000,SA,2025-09-05,2025-09-05,USD,Ashley
512859,1000,PO,2025-09-15,2025-09-15,INR,Devon
512860,3000,RE,2025-08-23,2025-08-23,EUR,Michael
512861,1000,PO,2025-09-16,2025-09-16,EUR,Charles
512862,2000,SA,2025-08-18,2025-08-18,GBP,Michael
512863,2000,KR,2025-09-06,2025-09-06,USD,Ashley
512864,1000,KR,2025-09-05,2025-09-05,INR,Joe
512865,3000,RE,2025-10-06,2025-10-06,USD,Patricia
512866,1000,PO,2025-09-13,2025-09-13,INR,Brian
512867,1000,RE,2025-08-22,2025-08-22,USD,Daniel
512868,2000,SA,2025-10-04,2025-10-04,USD,Tyler
512869,1000,PO,2025-09-23,2025-09-23,INR,Derek
512870,2000,KR,2025-09-10,2025-09-10,EUR,Chad
512871,2000,PO,2025-08-26,2025-08-26,JPY,Janet
512872,3000,PO,2025-09-20,2025-09-20,EUR,Monique
512873,1000,RE,2025-08-20,2025-08-20,USD,Eric
512874,3000,SA,2025-08-24,2025-08-24,GBP,John
512875,3000,KR,2025-09-17,2025-09-17,GBP,Joseph
512876,1000,RE,2025-10-09,2025-10-09,GBP,Melissa
512877,2000,PO,2025-08-20,2025-08-20,USD,Emily
512878,1000,KR,2025-10-10,2025-10-10,EUR,Molly
512879,1000,SA,2025-08-18,2025-08-18,INR,Maria
512880,3000,KR,2025-09-06,2025-09-06,EUR,Timothy
512881,1000,PO,2025-09-02,2025-09-02,GBP,Daniel
512882,1000,PO,2025-09-12,2025-09-12,INR,Bradley
512883,2000,SA,2025-10-07,2025-10-07,JPY,Karen
512884,2000,PO,2025-08-23,2025-08-23,EUR,Andrew
512885,2000,PO,2025-09-21,2025-09-21,EUR,Rebecca
512886,3000,RE,2025-09-25,2025-09-25,JPY,Jorge
512887,3000,SA,2025-09-04,2025-09-04,EUR,Tony
512888,3000,RE,2025-09-26,2025-09-26,EUR,Jerry
512889,1000,KR,2025-08-31,2025-08-31,GBP,Sharon
512890,3000,SA,2025-09-30,2025-09-30,USD,Sabrina
512891,2000,RE,2025-09-10,2025-09-10,GBP,Angela
512892,1000,RE,2025-10-12,2025-10-12,GBP,Cody
512893,1000,PO,2025-09-08,2025-09-08,EUR,Stephen
512894,3000,RE,2025-09-17,2025-09-17,USD,Michelle
512895,2000,PO,2025-09-28,2025-09-28,GBP,Christopher
512896,2000,PO,2025-08-24,2025-08-24,GBP,Julia
512897,3000,KR,2025-08-29,2025-08-29,EUR,Joseph
512898,1000,SA,2025-09-17,2025-09-17,JPY,Anna
512899,2000,RE,2025-09-20,2025-09-20,INR,Erica
512900,3000,PO,2025-08-30,2025-08-30,JPY,Patrick
512901,3000,SA,2025-09-03,2025-09-03,USD,Gordon
512902,3000,SA,2025-09-10,2025-09-10,INR,Jesse
512903,2000,SA,2025-10-09,2025-10-09,USD,Karen
512904,2000,RE,2025-09-19,2025-09-19,EUR,Zachary
512905,2000,PO,2025-09-03,2025-09-03,GBP,Peter
512906,3000,RE,2025-08-27,2025-08-27,JPY,James
512907,1000,PO,2025-09-09,2025-09-09,INR,Daniel
512908,3000,PO,2025-09-07,2025-09-07,EUR,Bradley
512909,1000,RE,2025-09-29,2025-09-29,EUR,Grant
512910,2000,KR,2025-08-19,2025-08-19,INR,Erika
512911,2000,RE,2025-10-11,2025-10-11,USD,Zachary
512912,3000,PO,2025-09-08,2025-09-08,INR,Allen
512913,1000,SA,2025-09-14,2025-09-14,JPY,Michael
512914,2000,SA,2025-10-04,2025-10-04,JPY,Megan
512915,3000,KR,2025-10-06,2025-10-06,INR,Charles
512916,3000,KR,2025-08-31,2025-08-31,GBP,Brittany
512917,1000,SA,2025-08-29,2025-08-29,GBP,Brenda
512918,1000,SA,2025-10-11,2025-10-11,EUR,Karina
512919,1000,SA,2025-09-14,2025-09-14,USD,Brittany
512920,1000,RE,2025-08-25,2025-08-25,GBP,David
512921,2000,KR,2025-08-20,2025-08-20,INR,Sarah
512922,2000,SA,2025-08-28,2025-08-28,USD,Hannah
512923,3000,PO,2025-08-18,2025-08-18,EUR,Amanda
512924,2000,KR,2025-09-11,2025-09-11,EUR,Hannah
512925,2000,RE,2025-08-28,2025-08-28,EUR,Sherry
512926,3000,PO,2025-09-17,2025-09-17,EUR,Michael
512927,2000,KR,2025-09-01,2025-09-01,INR,Jerry
512928,1000,PO,2025-09-30,2025-09-30,USD,David
512929,2000,SA,2025-08-16,2025-08-16,JPY,Ruth
512930,2000,SA,2025-09-12,2025-09-12,INR,Alexandra
512931,3000,KR,2025-09-21,2025-09-21,INR,Susan
512932,2000,RE,2025-10-13,2025-10-13,INR,Tracy
512933,1000,RE,2025-09-26,2025-09-26,EUR,Rebekah
512934,3000,KR,2025-09-12,2025-09-12,JPY,Andrew
512935,3000,RE,2025-09-28,2025-09-28,EUR,Zachary
512936,2000,SA,2025-09-09,2025-09-09,GBP,Katherine
512937,2000,SA,2025-09-10,2025-09-10,GBP,Kyle
512938,3000,RE,2025-08-23,2025-08-23,EUR,Kimberly
512939,2000,RE,2025-10-10,2025-10-10,USD,Alejandro
512940,2000,SA,2025-09-02,2025-09-02,GBP,Tyler
512941,2000,KR,2025-08-19,2025-08-19,GBP,Anthony
512942,2000,KR,2025-10-05,2025-10-05,EUR,Alex
512943,3000,SA,2025-09-22,2025-09-22,USD,Alan
512944,3000,KR,2025-09-16,2025-09-16,USD,Peggy
512945,1000,SA,2025-10-03,2025-10-03,EUR,Lori
512946,2000,SA,2025-10-02,2025-10-02,EUR,Marvin
512947,2000,SA,2025-09-19,2025-09-19,GBP,Brianna
512948,2000,SA,2025-09-30,2025-09-30,EUR,Mary
512949,1000,SA,2025-10-04,2025-10-04,GBP,William
512950,2000,PO,2025-09-03,2025-09-03,EUR,Harry
512951,1000,PO,2025-09-23,2025-09-23,INR,Kara
512952,1000,RE,2025-08-22,2025-08-22,USD,Veronica
512953,3000,RE,2025-09-29,2025-09-29,EUR,Cassandra
512954,2000,SA,2025-08-21,2025-08-21,GBP,Devin
512955,1000,RE,2025-09-24,2025-09-24,JPY,Ebony
512956,3000,KR,2025-09-20,2025-09-20,INR,John
512957,3000,RE,2025-10-07,2025-10-07,USD,Arthur
512958,3000,KR,2025-10-04,2025-10-04,INR,Ryan
512959,1000,RE,2025-08-25,2025-08-25,JPY,Joseph
512960,3000,RE,2025-09-07,2025-09-07,USD,Phillip
512961,1000,PO,2025-09-10,2025-09-10,INR,Nicholas
512962,2000,PO,2025-09-06,2025-09-06,USD,Alex
512963,1000,PO,2025-10-01,2025-10-01,INR,William
512964,3000,KR,2025-09-08,2025-09-08,EUR,Aaron
512965,1000,KR,2025-08-23,2025-08-23,EUR,Ronald
512966,2000,RE,2025-08-25,2025-08-25,USD,Cheryl
512967,3000,KR,2025-08-31,2025-08-31,USD,Rebecca
512968,1000,PO,2025-10-14,2025-10-14,JPY,Eddie
512969,3000,KR,2025-09-13,2025-09-13,USD,Shannon
512970,1000,SA,2025-09-10,2025-09-10,USD,Larry
512971,3000,RE,2025-09-18,2025-09-18,EUR,Daniel
512972,1000,RE,2025-09-28,2025-09-28,EUR,Christopher
512973,3000,RE,2025-09-27,2025-09-27,GBP,Tammy
512974,1000,SA,2025-10-01,2025-10-01,GBP,Jerome
512975,2000,PO,2025-09-04,2025-09-04,JPY,David
512976,2000,RE,2025-09-15,2025-09-15,GBP,Tommy
512977,2000,KR,2025-09-01,2025-09-01,JPY,Rebecca
512978,3000,RE,2025-09-03,2025-09-03,EUR,Robert
512979,1000,SA,2025-09-20,2025-09-20,USD,Lisa
512980,1000,PO,2025-09-09,2025-09-09,USD,Daniel
512981,3000,PO,2025-08-22,2025-08-22,JPY,Robert
512982,2000,SA,2025-08-22,2025-08-22,JPY,Jessica
512983,1000,RE,2025-09-07,2025-09-07,USD,Steven
512984,2000,SA,2025-09-09,2025-09-09,USD,Rachel
512985,3000,KR,2025-10-03,2025-10-03,GBP,Andrew
512986,1000,SA,2025-09-04,2025-09-04,USD,Roger
512987,3000,SA,2025-08-20,2025-08-20,EUR,Jorge
512988,3000,KR,2025-09-06,2025-09-06,EUR,Charles
512989,3000,KR,2025-10-05,2025-10-05,JPY,Amanda
512990,1000,RE,2025-10-02,2025-10-02,INR,Michael
512991,1000,RE,2025-10-09,2025-10-09,USD,Tina
512992,1000,PO,2025-09-01,2025-09-01,EUR,Jeremy
512993,1000,RE,2025-09-11,2025-09-11,INR,Terri
512994,2000,PO,2025-10-13,2025-10-13,JPY,Adam
512995,2000,SA,2025-09-19,2025-09-19,EUR,Ashley
512996,3000,SA,2025-09-07,2025-09-07,USD,Joseph
512997,3000,SA,2025-09-06,2025-09-06,JPY,Patricia
512998,3000,PO,2025-08-19,2025-08-19,EUR,Sean
512999,1000,SA,2025-08-26,2025-08-26,USD,Holly
