EBELN,EBELP,VGABE,MATNR,MENGE,DMBTR,BUDAT,BEWTP
451899,36,1,M835,7,860.09,502000,Q
451867,47,1,M266,13,7553.65,502001,Q
451840,98,1,M108,15,11034.6,502002,E
451170,10,1,M266,17,12327.55,502003,E
451242,23,1,M416,4,3261.36,502004,Q
451618,64,1,M129,10,2735.4,502005,E
451858,31,1,M547,19,17797.11,502006,E
451094,93,1,M453,19,3987.15,502007,Q
451995,23,1,M792,10,8905.7,502008,Q
451154,23,1,M991,3,2622.3,502009,E
451104,37,1,M886,20,2305.4,502010,Q
451654,76,1,M360,11,2985.84,502011,E
451634,28,1,M936,13,7431.45,502012,Q
451423,30,1,M714,10,7321.6,502013,E
451279,39,1,M676,11,7708.14,502014,Q
451015,55,1,M289,17,12288.11,502015,E
451354,89,1,M172,8,4992.32,502016,Q
451351,90,1,M536,5,4471.95,502017,Q
451086,70,1,M908,19,18533.74,502018,Q
451505,63,1,M373,2,1694.28,502019,E
451568,18,1,M609,18,14412.96,502020,E
451605,34,1,M654,20,5437.6,502021,E
451295,24,1,M939,2,381.74,502022,Q
451201,48,1,M853,20,3093.6,502023,E
451655,66,1,M572,17,12231.33,502024,E
451243,54,1,M482,18,16239.96,502025,Q
451668,29,1,M757,19,8374.82,502026,E
451147,56,1,M991,16,13930.88,502027,E
451797,92,1,M589,10,1597.7,502028,Q
451106,76,1,M552,12,9405.72,502029,Q
451356,94,1,M336,6,669.42,502030,Q
451247,29,1,M160,3,2418.3,502031,Q
451503,49,1,M166,7,4966.92,502032,Q
451748,37,1,M969,19,7934.59,502033,Q
451527,34,1,M622,19,17312.23,502034,Q
451529,87,1,M969,14,1931.02,502035,E
451308,57,1,M954,2,921.26,502036,E
451516,28,1,M961,10,4049.8,502037,Q
451136,64,1,M601,15,12935.55,502038,E
451258,28,1,M805,3,2617.02,502039,Q
451450,50,1,M258,14,12634.3,502040,E
451647,65,1,M536,15,8073.3,502041,Q
451368,80,1,M776,19,5252.93,502042,Q
451643,36,1,M555,13,6240.65,502043,E
451632,71,1,M751,11,2748.9,502044,E
451805,60,1,M776,17,16131.98,502045,Q
451290,85,1,M951,2,1868.28,502046,Q
451946,64,1,M266,18,12581.82,502047,Q
451632,79,1,M829,14,12877.9,502048,E
451951,26,1,M799,16,3010.08,502049,E
451601,99,1,M487,15,12471.15,502050,E
451672,29,1,M527,19,7736.61,502051,Q
451591,13,1,M968,12,11845.08,502052,E
451140,25,1,M850,7,4606.14,502053,Q
451438,91,1,M204,12,3594.6,502054,E
451850,25,1,M707,20,19429.4,502055,E
451214,56,1,M850,19,16916.08,502056,Q
451703,87,1,M805,2,184.54,502057,Q
451391,35,1,M860,8,3981.28,502058,E
451385,36,1,M695,7,931.84,502059,E
451103,73,1,M872,6,5778.0,502060,E
451853,35,1,M219,20,19616.4,502061,E
451712,32,1,M957,3,1792.59,502062,E
451965,74,1,M617,6,5045.1,502063,Q
451934,48,1,M172,3,1455.48,502064,E
451086,72,1,M281,11,6773.03,502065,Q
451493,42,1,M901,20,2376.0,502066,E
451726,14,1,M243,19,8662.67,502067,Q
451504,82,1,M646,17,9816.14,502068,E
451250,94,1,M108,19,4282.03,502069,Q
451356,34,1,M319,1,435.89,502070,Q
451983,56,1,M254,10,1384.9,502071,E
451447,76,1,M538,9,8095.95,502072,Q
451877,61,1,M700,16,8678.72,502073,E
451907,63,1,M231,15,2467.05,502074,E
451885,55,1,M683,5,3965.55,502075,E
451727,83,1,M127,9,8739.9,502076,Q
451716,41,1,M622,10,9979.1,502077,E
451112,66,1,M306,14,10549.42,502078,Q
451794,87,1,M414,18,17757.0,502079,Q
451699,62,1,M617,4,3471.24,502080,Q
451139,12,1,M108,13,1391.39,502081,Q
451177,48,1,M938,13,12255.36,502082,Q
451466,57,1,M306,3,835.47,502083,Q
451323,29,1,M361,2,144.6,502084,E
451577,96,1,M258,15,1625.4,502085,E
451193,87,1,M700,4,3276.68,502086,Q
451324,92,1,M604,6,4178.7,502087,E
451646,44,1,M127,6,3665.82,502088,Q
451082,87,1,M841,2,757.5,502089,Q
451610,92,1,M381,5,1319.5,502090,E
451243,58,1,M555,7,4421.48,502091,Q
451634,80,1,M991,19,16329.93,502092,Q
451810,69,1,M776,12,11205.6,502093,Q
451108,24,1,M682,10,1581.7,502094,Q
451643,88,1,M107,4,950.36,502095,Q
451759,20,1,M920,9,7191.81,502096,E
451567,97,1,M815,7,1309.21,502097,Q
451661,86,1,M939,13,3174.47,502098,E
451034,90,1,M536,10,7375.5,502099,E
451809,57,1,M459,13,2866.89,502100,E
451701,72,1,M805,5,2247.2,502101,Q
451538,75,1,M665,16,12917.28,502102,E
451905,79,1,M266,17,15247.47,502103,E
451244,87,1,M410,16,6404.96,502104,E
451869,76,1,M373,17,1188.64,502105,Q
451068,18,1,M815,14,9793.0,502106,Q
451132,75,1,M700,1,276.05,502107,E
451450,50,1,M258,14,12634.3,502108,Q
451009,17,1,M293,7,2921.24,502109,Q
451454,19,1,M681,7,1734.88,502110,E
451982,15,1,M646,17,12159.59,502111,Q
451094,20,1,M517,17,2710.48,502112,Q
451637,61,1,M751,11,2761.55,502113,E
451345,15,1,M805,20,14719.2,502114,E
451993,57,1,M794,16,11285.12,502115,Q
451113,69,1,M894,7,6553.68,502116,E
451155,33,1,M306,5,1513.65,502117,E
451238,82,1,M902,10,1883.5,502118,Q
451005,52,1,M315,20,16579.6,502119,Q
451577,58,1,M855,3,1819.35,502120,E
451374,76,1,M589,16,1048.96,502121,E
451380,26,1,M376,9,6160.14,502122,E
451710,44,1,M228,3,2351.64,502123,E
451243,58,1,M555,7,4421.48,502124,E
451962,82,1,M902,8,7092.64,502125,E
451975,87,1,M817,12,6391.92,502126,Q
451558,39,1,M494,1,835.09,502127,E
451870,63,1,M936,9,2558.43,502128,Q
451471,47,1,M957,15,12289.05,502129,E
451673,44,1,M610,10,4573.6,502130,Q
451000,63,1,M951,11,2916.1,502131,Q
451453,81,1,M902,7,5395.95,502132,E
451814,31,1,M665,7,686.91,502133,Q
451643,97,1,M815,1,963.36,502134,E
451612,66,1,M887,5,1462.55,502135,E
451066,39,1,M555,8,2853.76,502136,E
451762,56,1,M970,8,1374.0,502137,E
451870,80,1,M682,6,2502.78,502138,Q
451241,65,1,M726,9,3074.58,502139,Q
451923,90,1,M799,16,9206.56,502140,Q
451943,15,1,M270,8,7651.12,502141,Q
451380,74,1,M908,1,575.3,502142,E
451296,16,1,M304,9,5598.81,502143,E
451756,91,1,M204,2,623.78,502144,Q
451738,62,1,M502,14,2814.14,502145,E
451246,20,1,M726,20,12540.4,502146,E
451513,44,1,M382,19,9359.97,502147,E
451007,57,1,M878,16,9275.2,502148,Q
451762,41,1,M502,6,4727.64,502149,E
451589,90,1,M502,17,8139.6,502150,Q
451590,96,1,M654,2,1749.52,502151,Q
451658,64,1,M107,15,7964.55,502152,E
451088,44,1,M817,9,5126.13,502153,Q
451057,78,1,M404,19,10552.03,502154,E
451570,85,1,M569,8,4663.52,502155,Q
451545,95,1,M940,6,638.46,502156,E
451671,57,1,M969,17,12400.82,502157,E
451296,55,1,M494,14,9833.04,502158,E
451941,48,1,M894,16,15352.8,502159,E
451797,92,1,M589,10,1597.7,502160,E
451597,11,1,M306,3,2641.47,502161,E
451086,30,1,M376,16,11338.4,502162,Q
451101,64,1,M555,15,5406.15,502163,E
451702,43,1,M538,9,5604.66,502164,E
451603,12,1,M933,20,6141.4,502165,E
451023,10,1,M686,10,5595.0,502166,E
451741,15,1,M685,8,2979.44,502167,Q
451119,65,1,M431,5,2638.5,502168,E
451234,27,1,M860,4,3923.96,502169,Q
451734,99,1,M572,1,361.66,502170,E
451553,80,1,M361,7,1009.26,502171,E
451644,37,1,M685,5,4090.4,502172,E
451062,24,1,M933,1,935.55,502173,E
451243,54,1,M482,18,16239.96,502174,E
451529,86,1,M138,16,9523.2,502175,E
451668,38,1,M721,20,19026.2,502176,E
451572,24,1,M138,8,1554.16,502177,E
451523,38,1,M144,16,12982.72,502178,E
451378,93,1,M306,4,707.2,502179,E
451211,85,1,M746,7,6581.19,502180,E
451406,97,1,M538,1,205.25,502181,Q
451604,70,1,M293,8,754.16,502182,Q
451616,68,1,M721,20,13291.8,502183,Q
451060,83,1,M707,5,2404.3,502184,E
451398,99,1,M981,16,5102.08,502185,E
451289,90,1,M487,9,877.5,502186,Q
451245,42,1,M502,17,12306.64,502187,E
451247,29,1,M160,3,2418.3,502188,E
451735,87,1,M853,9,7801.56,502189,E
451973,96,1,M203,13,9536.28,502190,E
451618,38,1,M622,10,3841.6,502191,Q
451498,28,1,M270,19,16945.53,502192,Q
451853,67,1,M601,2,377.44,502193,Q
451681,85,1,M750,2,865.96,502194,Q
451659,43,1,M968,8,1512.96,502195,E
451056,93,1,M390,15,7771.65,502196,E
451305,41,1,M306,12,975.96,502197,Q
451377,12,1,M380,14,4172.56,502198,E
451203,49,1,M160,13,11125.92,502199,Q
451650,86,1,M315,9,1823.13,502200,E
451363,23,1,M902,6,828.24,502201,Q
451243,58,1,M555,7,4421.48,502202,E
451352,28,1,M410,10,7414.9,502203,E
451055,74,1,M287,3,2007.9,502204,E
451607,41,1,M258,10,4980.4,502205,E
451021,34,1,M107,13,10918.05,502206,E
451371,51,1,M700,7,1314.6,502207,E
451755,81,1,M683,3,1683.81,502208,E
451886,36,1,M951,4,2189.28,502209,E
451017,57,1,M953,20,9337.0,502210,Q
451402,84,1,M228,15,3405.0,502211,Q
451256,82,1,M306,11,1945.79,502212,Q
451693,50,1,M289,15,9959.1,502213,E
451918,70,1,M622,1,74.81,502214,Q
451323,29,1,M361,2,144.6,502215,Q
451516,47,1,M360,2,274.2,502216,E
451238,82,1,M902,10,1883.5,502217,E
451741,15,1,M685,8,2979.44,502218,E
451285,18,1,M617,5,457.15,502219,E
451173,67,1,M281,19,17072.83,502220,Q
451314,52,1,M341,13,8948.16,502221,E
451315,94,1,M786,12,10659.96,502222,Q
451704,66,1,M459,19,9640.98,502223,Q
451513,31,1,M502,12,11137.56,502224,E
451628,35,1,M850,8,2441.92,502225,E
451046,16,1,M816,19,17672.66,502226,Q
451875,40,1,M281,10,6011.7,502227,Q
451027,21,1,M108,1,396.32,502228,Q
451689,11,1,M776,8,1260.08,502229,Q
451907,99,1,M474,5,3636.5,502230,E
451375,22,1,M421,12,7094.28,502231,Q
451607,13,1,M877,7,487.34,502232,E
451832,39,1,M938,3,2399.82,502233,Q
451372,57,1,M113,3,2707.26,502234,E
451089,67,1,M617,11,6545.77,502235,Q
451611,48,1,M231,4,2005.12,502236,Q
451661,16,1,M969,9,3273.75,502237,E
451941,36,1,M654,6,2471.22,502238,E
451207,61,1,M569,16,11433.28,502239,E
451667,72,1,M148,19,6539.42,502240,E
451039,43,1,M833,2,328.46,502241,E
451053,38,1,M473,6,1239.06,502242,Q
451825,42,1,M142,20,11270.4,502243,Q
451828,84,1,M816,18,15978.78,502244,E
451804,64,1,M181,7,6200.74,502245,E
451895,51,1,M686,10,4350.9,502246,Q
451737,89,1,M230,19,12368.05,502247,E
451661,86,1,M939,13,3174.47,502248,E
451532,95,1,M258,1,947.07,502249,Q
451412,69,1,M281,12,5460.84,502250,Q
451299,64,1,M527,17,16336.15,502251,Q
451038,62,1,M908,14,1035.44,502252,Q
451634,28,1,M936,13,7431.45,502253,E
451767,85,1,M148,11,7073.66,502254,Q
451887,10,1,M258,15,7869.9,502255,Q
451603,98,1,M981,12,8295.36,502256,E
451108,24,1,M682,10,1581.7,502257,E
451742,29,1,M649,14,1200.92,502258,E
451612,61,1,M954,13,802.75,502259,E
451904,69,1,M649,4,774.72,502260,E
451720,21,1,M547,7,5325.32,502261,E
451987,39,1,M853,12,8069.4,502262,Q
451979,61,1,M610,14,12039.86,502263,Q
451057,45,1,M361,3,1317.81,502264,Q
451193,85,1,M748,12,5531.76,502265,E
451380,26,1,M376,9,6160.14,502266,E
451104,27,1,M487,9,657.99,502267,Q
451551,17,1,M304,13,12600.51,502268,E
451184,28,1,M256,19,2235.35,502269,Q
451872,10,1,M969,10,6757.0,502270,Q
451762,56,1,M970,8,1374.0,502271,Q
451766,93,1,M281,6,2662.5,502272,E
451138,98,1,M604,2,1976.64,502273,Q
451899,36,1,M835,7,860.09,502274,Q
451902,18,1,M676,8,6420.0,502275,Q
451308,61,1,M970,1,975.22,502276,E
451604,84,1,M380,10,1573.1,502277,Q
451159,64,1,M249,10,4764.8,502278,E
451111,61,1,M815,20,14216.0,502279,Q
451730,46,1,M686,4,3386.44,502280,E
451155,33,1,M306,5,1513.65,502281,E
451506,73,1,M289,19,16531.9,502282,Q
451180,49,1,M360,2,1211.04,502283,E
451659,43,1,M968,8,1512.96,502284,E
451831,62,1,M459,16,5930.56,502285,Q
451508,66,1,M604,17,11865.32,502286,E
451762,41,1,M502,6,4727.64,502287,E
451178,65,1,M920,2,1680.48,502288,Q
451801,14,1,M160,19,3995.51,502289,Q
451888,29,1,M933,15,10741.8,502290,Q
451036,40,1,M181,1,833.79,502291,Q
451632,65,1,M799,11,9709.7,502292,Q
451402,80,1,M676,7,1624.7,502293,E
451105,83,1,M699,5,1689.3,502294,Q
451543,91,1,M939,6,4150.62,502295,Q
451599,95,1,M757,2,1827.04,502296,Q
451225,17,1,M936,19,5857.13,502297,E
451662,23,1,M381,1,973.86,502298,Q
451313,51,1,M361,4,1635.8,502299,Q
451347,27,1,M473,10,959.0,502300,E
451036,60,1,M231,20,5200.6,502301,Q
451913,64,1,M547,15,2115.6,502302,Q
451839,85,1,M686,3,1317.3,502303,E
451882,11,1,M373,2,1422.0,502304,Q
451273,91,1,M361,15,6552.3,502305,Q
451826,29,1,M682,12,6640.08,502306,Q
451295,24,1,M939,2,381.74,502307,E
451676,76,1,M686,13,8371.87,502308,Q
451624,59,1,M287,11,1120.13,502309,Q
451874,57,1,M902,4,666.2,502310,E
451556,96,1,M991,20,1123.2,502311,E
451099,61,1,M939,20,12961.2,502312,E
451553,80,1,M361,7,1009.26,502313,Q
451439,25,1,M266,5,4082.8,502314,Q
451601,40,1,M107,17,1957.72,502315,Q
451586,87,1,M114,2,1546.46,502316,E
451717,84,1,M558,2,1139.14,502317,Q
451021,25,1,M878,7,1182.58,502318,Q
451583,18,1,M204,12,10367.52,502319,Q
451462,40,1,M319,11,2804.34,502320,Q
451010,48,1,M748,9,1505.88,502321,Q
451030,91,1,M886,18,12719.7,502322,Q
451888,59,1,M254,6,2355.24,502323,E
451359,19,1,M685,19,7852.32,502324,E
451375,22,1,M421,12,7094.28,502325,Q
451048,83,1,M354,15,12164.55,502326,E
451296,45,1,M538,18,9583.74,502327,Q
451378,24,1,M249,7,3838.45,502328,E
451094,75,1,M473,7,3022.6,502329,E
451323,27,1,M589,9,5500.08,502330,Q
451696,46,1,M714,17,5457.51,502331,E
451577,82,1,M129,2,660.9,502332,E
451511,74,1,M669,19,12316.56,502333,Q
451557,90,1,M920,17,13763.37,502334,Q
451308,61,1,M970,1,975.22,502335,Q
451157,95,1,M431,9,2908.53,502336,Q
451592,49,1,M968,18,6477.48,502337,Q
451634,60,1,M654,17,3321.12,502338,E
451657,58,1,M970,11,3101.67,502339,Q
451121,36,1,M676,20,15024.4,502340,Q
451168,99,1,M552,12,3842.52,502341,E
451161,73,1,M357,9,2555.73,502342,Q
451245,92,1,M341,4,1209.28,502343,Q
451528,17,1,M404,1,399.99,502344,E
451067,82,1,M381,2,1814.9,502345,E
451288,88,1,M699,18,8140.14,502346,E
451864,95,1,M114,16,15451.2,502347,E
451100,44,1,M304,17,5659.3,502348,E
451092,54,1,M908,1,868.6,502349,Q
451531,56,1,M306,14,7778.54,502350,Q
451385,23,1,M751,15,5029.05,502351,Q
451489,57,1,M902,11,6837.27,502352,E
451240,43,1,M794,13,10622.3,502353,Q
451699,62,1,M617,4,3471.24,502354,E
451237,12,1,M410,5,1410.1,502355,Q
451835,25,1,M266,12,6792.36,502356,Q
451545,78,1,M665,20,2270.2,502357,E
451105,83,1,M699,5,1689.3,502358,Q
451851,69,1,M970,15,10306.65,502359,Q
451644,19,1,M536,17,10779.02,502360,E
451400,42,1,M487,13,2017.08,502361,Q
451071,68,1,M275,9,5705.1,502362,E
451934,19,1,M380,11,1358.5,502363,E
451019,30,1,M304,1,110.37,502364,Q
451544,31,1,M726,6,5210.28,502365,Q
451087,74,1,M474,8,7523.92,502366,E
451947,93,1,M957,16,14050.4,502367,E
451177,48,1,M938,13,12255.36,502368,Q
451816,36,1,M649,15,11024.25,502369,Q
451860,98,1,M474,12,1213.68,502370,Q
451330,82,1,M786,2,1035.9,502371,Q
451938,28,1,M932,11,10844.02,502372,E
451882,68,1,M721,18,9081.72,502373,Q
451970,35,1,M920,15,7041.75,502374,E
451996,86,1,M129,6,1747.08,502375,Q
451604,70,1,M293,8,754.16,502376,E
451523,29,1,M487,5,4332.4,502377,E
451422,45,1,M938,4,3817.4,502378,E
451185,89,1,M232,14,11530.82,502379,Q
451451,31,1,M899,2,1874.88,502380,E
451124,45,1,M527,2,398.96,502381,E
451719,33,1,M746,16,2571.68,502382,Q
451522,10,1,M961,3,2626.14,502383,Q
451543,56,1,M786,7,685.58,502384,E
451019,65,1,M776,2,1404.4,502385,E
451491,42,1,M870,8,4199.36,502386,E
451940,44,1,M454,4,2598.92,502387,E
451994,66,1,M618,7,2302.51,502388,E
451077,93,1,M341,20,10968.8,502389,E
451601,58,1,M555,6,1650.42,502390,Q
451318,59,1,M231,15,9012.0,502391,Q
451075,81,1,M669,13,3870.23,502392,Q
451339,12,1,M776,13,3834.35,502393,E
451728,29,1,M203,14,12141.78,502394,Q
451667,72,1,M148,19,6539.42,502395,Q
451436,18,1,M794,8,3250.96,502396,E
451773,20,1,M721,6,3652.92,502397,Q
451979,61,1,M610,14,12039.86,502398,E
451056,93,1,M390,15,7771.65,502399,E
451025,28,1,M527,13,9184.11,502400,E
451792,48,1,M833,20,8921.2,502401,Q
451714,71,1,M646,17,1629.11,502402,Q
451504,82,1,M646,17,9816.14,502403,E
451630,13,1,M685,1,350.03,502404,E
451651,50,1,M953,19,16337.72,502405,Q
451532,11,1,M249,8,5931.36,502406,Q
451012,63,1,M654,11,8105.9,502407,E
451533,22,1,M502,13,12917.58,502408,E
451365,29,1,M700,18,10971.72,502409,E
451459,61,1,M816,14,2468.62,502410,Q
451251,88,1,M714,3,1505.67,502411,E
451365,29,1,M700,18,10971.72,502412,Q
451220,57,1,M517,1,729.1,502413,Q
451391,24,1,M920,17,11143.67,502414,E
451508,66,1,M604,17,11865.32,502415,E
451822,74,1,M502,16,10389.76,502416,E
451008,44,1,M750,3,1290.57,502417,E
451115,61,1,M815,3,766.71,502418,Q
451573,65,1,M129,14,2362.22,502419,E
451342,42,1,M610,8,5977.28,502420,Q
451565,37,1,M474,16,4231.04,502421,Q
451269,92,1,M674,9,5362.11,502422,E
451898,69,1,M527,3,537.87,502423,E
451879,91,1,M211,14,2913.26,502424,Q
451245,73,1,M961,19,4376.46,502425,Q
451029,74,1,M572,13,7844.07,502426,Q
451036,93,1,M714,4,1878.68,502427,E
451890,92,1,M589,3,629.94,502428,Q
451679,86,1,M757,2,1634.34,502429,Q
451213,48,1,M936,16,6264.48,502430,Q
451817,23,1,M932,16,5557.44,502431,Q
451669,16,1,M746,17,10768.99,502432,E
451862,87,1,M841,6,1894.5,502433,Q
451190,80,1,M718,1,66.24,502434,E
451333,61,1,M293,10,9772.4,502435,Q
451018,89,1,M148,7,6675.41,502436,E
451605,61,1,M232,1,256.87,502437,E
451031,20,1,M373,7,1171.66,502438,E
451535,21,1,M618,17,5092.01,502439,E
451782,94,1,M502,6,5050.14,502440,E
451119,19,1,M831,17,4947.34,502441,Q
451256,61,1,M558,20,4649.0,502442,Q
451832,91,1,M127,15,6731.1,502443,E
451114,29,1,M275,4,3678.76,502444,E
451282,73,1,M275,3,1919.76,502445,E
451012,97,1,M751,4,830.6,502446,Q
451537,72,1,M266,4,2498.8,502447,Q
451164,80,1,M816,6,2808.6,502448,E
451113,43,1,M368,18,11126.34,502449,E
451083,99,1,M127,8,2139.04,502450,Q
451654,60,1,M266,8,7124.72,502451,E
451377,12,1,M380,14,4172.56,502452,E
451800,32,1,M617,10,1930.7,502453,E
451030,45,1,M878,6,4399.98,502454,Q
451701,41,1,M707,9,5232.33,502455,E
451789,54,1,M681,19,3839.9,502456,E
451334,34,1,M622,8,1885.12,502457,E
451373,10,1,M936,3,223.89,502458,Q
451553,89,1,M665,13,1117.35,502459,E
451446,49,1,M908,10,4802.1,502460,E
451521,49,1,M618,4,3503.44,502461,E
451730,36,1,M381,13,12864.02,502462,Q
451995,31,1,M258,13,1533.09,502463,Q
451354,89,1,M172,8,4992.32,502464,E
451162,35,1,M527,5,965.2,502465,Q
451507,45,1,M710,18,11489.4,502466,Q
451345,15,1,M805,20,14719.2,502467,E
451095,63,1,M127,3,349.8,502468,Q
451352,29,1,M839,13,4765.15,502469,Q
451440,36,1,M341,11,1198.34,502470,Q
451693,67,1,M815,15,2225.55,502471,Q
451850,62,1,M794,5,4206.95,502472,E
451060,83,1,M707,5,2404.3,502473,E
451895,51,1,M686,10,4350.9,502474,E
451612,61,1,M954,13,802.75,502475,Q
451321,56,1,M555,16,13755.2,502476,Q
451774,78,1,M622,2,833.6,502477,E
451307,87,1,M760,14,1373.54,502478,E
451059,39,1,M254,11,7196.2,502479,Q
451412,69,1,M281,12,5460.84,502480,E
451597,74,1,M870,4,502.72,502481,Q
451304,75,1,M726,3,2521.65,502482,Q
451352,29,1,M839,13,4765.15,502483,E
451547,44,1,M792,11,6046.92,502484,E
451990,31,1,M886,19,14676.36,502485,Q
451656,89,1,M987,6,3597.0,502486,E
451046,47,1,M920,9,5174.73,502487,Q
451006,30,1,M748,12,10389.24,502488,Q
451873,20,1,M257,8,6693.76,502489,Q
451675,98,1,M304,6,2699.1,502490,E
451127,50,1,M275,17,16384.6,502491,E
451719,33,1,M746,16,2571.68,502492,Q
451840,44,1,M953,17,2191.98,502493,Q
451212,69,1,M258,8,2399.12,502494,Q
451937,10,1,M710,13,4974.19,502495,Q
451311,34,1,M815,20,13994.0,502496,Q
451934,19,1,M380,11,1358.5,502497,E
451207,79,1,M757,6,4059.48,502498,Q
451333,61,1,M293,10,9772.4,502499,Q
451570,85,1,M569,8,4663.52,502500,E
451521,80,1,M899,2,591.58,502501,E
451332,80,1,M249,15,1287.75,502502,Q
451951,26,1,M799,16,3010.08,502503,E
451331,85,1,M289,3,1666.44,502504,E
451366,65,1,M473,12,7355.52,502505,E
451360,80,1,M932,7,2079.35,502506,Q
451673,99,1,M108,18,14671.62,502507,E
451986,28,1,M751,16,7335.36,502508,Q
451570,86,1,M270,5,1941.6,502509,Q
451012,63,1,M654,11,8105.9,502510,E
451511,64,1,M710,11,8500.03,502511,Q
451786,29,1,M618,8,3953.84,502512,E
451729,62,1,M920,15,1795.65,502513,Q
451421,30,1,M181,14,11651.08,502514,Q
451651,50,1,M953,19,16337.72,502515,E
451692,51,1,M920,9,2842.38,502516,E
451286,18,1,M860,7,6796.23,502517,Q
451232,82,1,M872,15,14407.65,502518,Q
451719,33,1,M746,16,2571.68,502519,Q
451225,17,1,M936,19,5857.13,502520,Q
451979,61,1,M610,14,12039.86,502521,E
451369,60,1,M431,3,2962.86,502522,Q
451030,45,1,M878,6,4399.98,502523,Q
451538,11,1,M850,19,12085.9,502524,E
451612,15,1,M841,7,6584.69,502525,Q
451461,15,1,M609,6,3212.04,502526,Q
451334,34,1,M622,8,1885.12,502527,E
451585,60,1,M969,2,767.36,502528,E
451145,99,1,M887,15,2666.1,502529,E
451841,81,1,M336,12,11803.44,502530,E
451149,67,1,M547,1,323.26,502531,Q
451083,99,1,M127,8,2139.04,502532,E
451886,13,1,M682,16,6469.6,502533,Q
451799,86,1,M646,11,1266.21,502534,Q
451522,10,1,M700,16,10568.16,502535,Q
451532,11,1,M249,8,5931.36,502536,E
451698,45,1,M835,9,5494.5,502537,Q
451011,92,1,M833,19,4129.65,502538,Q
451858,31,1,M547,19,17797.11,502539,Q
451115,61,1,M815,3,766.71,502540,E
451714,31,1,M203,12,8382.48,502541,E
451504,72,1,M799,14,8674.68,502542,E
451259,34,1,M913,11,3735.49,502543,E
451351,68,1,M689,9,3350.61,502544,Q
451355,53,1,M416,19,15287.59,502545,Q
451841,81,1,M336,12,11803.44,502546,E
451795,85,1,M805,11,7054.96,502547,Q
451877,95,1,M172,13,3192.28,502548,Q
451643,97,1,M815,1,963.36,502549,E
451017,23,1,M940,13,5867.16,502550,Q
451715,46,1,M107,2,1830.26,502551,Q
451280,19,1,M113,15,1016.7,502552,Q
451140,25,1,M850,7,4606.14,502553,Q
451380,37,1,M289,4,3790.64,502554,Q
451484,61,1,M939,11,8160.79,502555,Q
451345,68,1,M412,13,11278.93,502556,E
451989,84,1,M899,4,766.68,502557,E
451795,76,1,M850,10,4130.9,502558,E
451172,22,1,M114,4,2848.72,502559,Q
451512,16,1,M254,8,1194.32,502560,Q
451723,22,1,M665,15,14883.75,502561,Q
451027,24,1,M275,19,10708.97,502562,E
451769,33,1,M714,9,7572.69,502563,Q
451127,58,1,M908,9,8702.55,502564,Q
451532,75,1,M604,2,1437.86,502565,Q
451390,80,1,M431,17,14767.22,502566,Q
451001,59,1,M957,2,662.78,502567,E
451195,72,1,M920,2,1791.96,502568,E
451702,89,1,M361,10,1689.1,502569,E
451962,82,1,M902,8,7092.64,502570,Q
451644,37,1,M685,5,4090.4,502571,E
451816,50,1,M855,18,6983.46,502572,Q
451939,31,1,M700,4,1200.2,502573,Q
451132,75,1,M700,1,276.05,502574,E
451835,22,1,M872,5,3485.8,502575,Q
451628,85,1,M204,5,2132.1,502576,E
451803,59,1,M831,19,12017.88,502577,Q
451680,62,1,M376,9,4422.42,502578,Q
451973,36,1,M669,4,2078.12,502579,Q
451221,84,1,M373,2,954.1,502580,Q
451391,35,1,M860,8,3981.28,502581,Q
451716,83,1,M816,11,1100.77,502582,Q
451791,38,1,M726,3,1563.39,502583,E
451112,66,1,M306,14,10549.42,502584,E
451015,55,1,M289,17,12288.11,502585,Q
451080,19,1,M968,8,4775.04,502586,Q
451241,92,1,M289,16,1428.32,502587,Q
451543,91,1,M939,6,4150.62,502588,E
451995,23,1,M792,10,8905.7,502589,E
451230,22,1,M953,18,5813.28,502590,Q
451934,68,1,M839,18,4707.9,502591,E
451023,69,1,M114,5,3430.95,502592,E
451833,81,1,M138,4,3991.64,502593,E
451780,70,1,M714,2,883.06,502594,E
451946,64,1,M266,18,12581.82,502595,E
451558,87,1,M776,17,1817.81,502596,E
451875,28,1,M794,8,5890.56,502597,Q
451252,79,1,M289,2,1033.0,502598,E
451017,33,1,M208,20,19251.4,502599,Q
451399,27,1,M231,7,1846.39,502600,Q
451527,60,1,M230,11,2886.29,502601,E
451356,34,1,M319,1,435.89,502602,E
451026,26,1,M841,14,979.58,502603,Q
451697,47,1,M527,7,3554.32,502604,Q
451525,59,1,M853,9,4391.82,502605,E
451799,86,1,M646,11,1266.21,502606,E
451295,66,1,M718,15,9621.6,502607,E
451706,81,1,M938,1,674.06,502608,E
451551,78,1,M221,15,7423.95,502609,E
451596,63,1,M390,20,16574.8,502610,E
451789,95,1,M304,2,584.54,502611,Q
451308,61,1,M970,1,975.22,502612,E
451081,50,1,M172,16,2843.36,502613,Q
451483,70,1,M920,17,9453.53,502614,Q
451076,34,1,M203,7,5578.09,502615,E
451587,18,1,M275,16,5274.4,502616,E
451786,29,1,M618,8,3953.84,502617,E
451587,95,1,M682,19,17876.72,502618,E
451232,51,1,M293,2,1029.9,502619,Q
451283,46,1,M289,14,7912.8,502620,Q
451446,41,1,M751,17,9517.96,502621,Q
451078,29,1,M835,12,4704.12,502622,Q
451538,11,1,M850,19,12085.9,502623,E
451385,23,1,M751,15,5029.05,502624,Q
451747,67,1,M746,6,1483.8,502625,Q
451431,27,1,M142,3,999.57,502626,Q
451628,35,1,M850,8,2441.92,502627,Q
451480,24,1,M283,20,7449.4,502628,Q
451984,28,1,M969,1,274.27,502629,E
451567,84,1,M829,20,2640.0,502630,E
451174,39,1,M381,20,9397.0,502631,Q
451817,93,1,M289,2,1323.24,502632,Q
451223,57,1,M953,3,2279.49,502633,E
451502,64,1,M536,7,4156.53,502634,Q
451586,87,1,M114,2,1546.46,502635,Q
451467,79,1,M431,6,1532.88,502636,Q
451194,89,1,M203,9,5590.44,502637,Q
451535,63,1,M552,11,3637.37,502638,E
451512,28,1,M718,8,3333.12,502639,E
451228,76,1,M608,9,7474.5,502640,E
451812,28,1,M954,11,1275.78,502641,E
451108,33,1,M617,15,6255.9,502642,Q
451087,74,1,M474,8,7523.92,502643,E
451643,97,1,M815,1,963.36,502644,E
451729,62,1,M920,15,1795.65,502645,Q
451994,87,1,M816,16,8767.68,502646,E
451995,23,1,M792,10,8905.7,502647,Q
451733,71,1,M689,11,786.06,502648,Q
451983,58,1,M792,6,3245.76,502649,Q
451567,84,1,M829,20,2640.0,502650,Q
451639,57,1,M258,1,396.08,502651,E
451260,13,1,M256,7,2169.65,502652,Q
451965,74,1,M617,6,5045.1,502653,Q
451546,78,1,M920,4,512.0,502654,E
451028,45,1,M138,16,15152.32,502655,Q
451231,49,1,M646,17,16725.96,502656,E
451863,52,1,M618,3,2905.62,502657,E
451835,25,1,M266,12,6792.36,502658,E
451460,63,1,M211,2,996.72,502659,Q
451317,94,1,M939,8,1552.08,502660,E
451213,72,1,M547,20,5341.0,502661,Q
451960,61,1,M412,15,14202.6,502662,E
451644,19,1,M536,17,10779.02,502663,Q
451387,68,1,M527,4,2391.8,502664,E
451535,63,1,M552,11,3637.37,502665,E
451501,11,1,M920,6,2752.14,502666,E
451982,15,1,M646,17,12159.59,502667,E
451325,88,1,M487,5,2075.2,502668,E
451277,29,1,M256,14,7109.48,502669,Q
451795,76,1,M850,10,4130.9,502670,Q
451282,73,1,M275,3,1919.76,502671,Q
451241,74,1,M682,7,755.72,502672,Q
451935,71,1,M816,16,9628.64,502673,Q
451920,25,1,M459,13,2828.15,502674,E
451536,72,1,M160,4,1238.88,502675,Q
451688,45,1,M987,8,1187.68,502676,E
451460,75,1,M886,13,10931.83,502677,Q
451689,97,1,M166,20,5610.8,502678,Q
451862,39,1,M148,9,5503.05,502679,E
451589,50,1,M360,10,9692.5,502680,E
451769,68,1,M718,2,1928.96,502681,E
451342,53,1,M794,2,906.48,502682,Q
451500,22,1,M969,8,5084.0,502683,Q
451789,95,1,M304,2,584.54,502684,E
451507,77,1,M850,10,9253.1,502685,Q
451123,47,1,M270,3,1734.93,502686,E
451009,31,1,M179,7,4697.98,502687,E
451233,83,1,M172,18,3493.44,502688,Q
451525,62,1,M969,19,17799.2,502689,Q
451962,82,1,M902,8,7092.64,502690,Q
451296,16,1,M304,9,5598.81,502691,Q
451373,45,1,M618,20,19485.0,502692,E
451906,13,1,M617,13,6545.37,502693,Q
451310,88,1,M390,7,1474.69,502694,E
451632,65,1,M799,11,9709.7,502695,Q
451207,79,1,M757,6,4059.48,502696,Q
451189,17,1,M173,19,11638.07,502697,Q
451217,98,1,M181,8,5628.24,502698,E
451020,22,1,M617,2,1959.26,502699,Q
451121,28,1,M270,18,4918.5,502700,Q
451055,74,1,M287,3,2007.9,502701,E
451799,86,1,M646,11,1266.21,502702,Q
451082,87,1,M841,2,757.5,502703,Q
451020,16,1,M699,12,10772.52,502704,E
451123,39,1,M676,5,2164.35,502705,E
451790,17,1,M853,1,93.6,502706,Q
451818,34,1,M776,6,5383.02,502707,Q
451402,39,1,M410,19,12749.38,502708,Q
451749,65,1,M173,9,1340.01,502709,Q
451925,57,1,M799,17,14512.9,502710,E
451272,18,1,M108,20,18781.0,502711,E
451403,13,1,M676,5,1116.95,502712,E
451324,92,1,M232,12,10289.76,502713,E
451348,91,1,M527,14,12676.72,502714,E
451894,83,1,M699,9,8731.44,502715,E
451325,88,1,M487,5,2075.2,502716,E
451971,62,1,M474,8,3367.44,502717,E
451453,81,1,M902,7,5395.95,502718,Q
451539,64,1,M257,1,845.08,502719,E
451566,18,1,M453,3,1640.37,502720,Q
451735,14,1,M899,20,2001.2,502721,Q
451925,57,1,M799,17,14512.9,502722,Q
451365,71,1,M859,8,5091.2,502723,E
451503,57,1,M940,8,7752.48,502724,E
451214,56,1,M850,19,16916.08,502725,Q
451592,49,1,M968,18,6477.48,502726,E
451714,71,1,M646,17,1629.11,502727,E
451897,49,1,M961,9,2579.22,502728,E
451875,40,1,M281,10,6011.7,502729,E
451603,98,1,M981,12,8295.36,502730,Q
451841,81,1,M336,12,11803.44,502731,Q
451347,94,1,M936,4,3016.08,502732,Q
451579,69,1,M987,9,6158.07,502733,E
451495,52,1,M805,4,1568.92,502734,Q
451199,84,1,M810,8,6026.48,502735,Q
451927,46,1,M676,16,1468.48,502736,Q
451402,84,1,M228,15,3405.0,502737,Q
451527,11,1,M179,8,2033.68,502738,E
451652,28,1,M859,10,8647.9,502739,E
451767,85,1,M148,11,7073.66,502740,E
451140,25,1,M850,7,4606.14,502741,Q
451675,44,1,M487,17,1993.59,502742,Q
451630,13,1,M685,1,350.03,502743,E
451879,75,1,M228,12,11084.88,502744,E
451827,24,1,M107,7,2393.02,502745,Q
451782,94,1,M502,6,5050.14,502746,Q
451332,80,1,M249,15,1287.75,502747,Q
451825,42,1,M142,20,11270.4,502748,E
451217,69,1,M113,13,10085.27,502749,E
451958,78,1,M760,6,3717.9,502750,Q
451206,14,1,M682,14,13915.02,502751,E
451889,65,1,M204,2,965.22,502752,E
451547,27,1,M839,12,9841.92,502753,Q
451485,15,1,M287,6,3167.4,502754,E
451780,19,1,M538,10,2785.0,502755,E
451263,57,1,M589,8,4963.36,502756,E
451325,95,1,M281,20,6657.2,502757,E
451930,77,1,M569,18,15458.94,502758,Q
451073,53,1,M243,16,10177.92,502759,Q
451228,76,1,M608,9,7474.5,502760,E
451083,27,1,M710,4,3990.36,502761,Q
451543,91,1,M939,6,4150.62,502762,Q
451405,74,1,M487,20,10008.6,502763,E
451564,94,1,M853,4,2614.6,502764,E
451859,47,1,M878,2,458.84,502765,E
451910,60,1,M901,11,2232.78,502766,Q
451282,73,1,M275,3,1919.76,502767,Q
451324,92,1,M232,12,10289.76,502768,E
451404,83,1,M416,3,1542.93,502769,E
451046,16,1,M816,19,17672.66,502770,Q
451767,53,1,M901,18,6321.96,502771,Q
451021,21,1,M212,9,7881.48,502772,E
451093,38,1,M211,7,3184.79,502773,Q
451179,39,1,M558,4,3495.04,502774,E
451325,18,1,M173,10,2756.7,502775,Q
451845,81,1,M173,19,11543.26,502776,Q
451502,10,1,M357,12,10566.96,502777,E
451994,64,1,M833,10,5626.9,502778,Q
451808,90,1,M148,12,6479.16,502779,E
451703,87,1,M805,2,184.54,502780,E
451111,20,1,M901,12,6741.84,502781,Q
451373,70,1,M746,16,14861.6,502782,E
451242,60,1,M815,5,651.35,502783,E
451135,71,1,M683,1,691.51,502784,Q
451796,99,1,M455,3,2178.03,502785,E
451284,48,1,M954,8,2264.56,502786,Q
451921,55,1,M816,20,11030.2,502787,Q
451349,29,1,M894,20,16174.6,502788,E
451820,61,1,M654,2,547.14,502789,Q
451880,60,1,M114,9,7659.72,502790,Q
451882,99,1,M414,5,2420.6,502791,E
451362,18,1,M538,14,7232.4,502792,Q
451492,24,1,M459,15,4083.75,502793,Q
451009,31,1,M179,7,4697.98,502794,E
451317,90,1,M275,9,6559.92,502795,Q
451067,82,1,M381,2,1814.9,502796,Q
451154,23,1,M991,3,2622.3,502797,E
451550,65,1,M455,20,7052.0,502798,Q
451216,64,1,M750,3,1902.75,502799,Q
451757,31,1,M969,12,5063.52,502800,Q
451726,70,1,M473,9,4076.91,502801,Q
451882,11,1,M373,2,1422.0,502802,E
451684,64,1,M908,10,1649.6,502803,Q
451069,79,1,M939,11,10156.96,502804,E
451888,59,1,M254,6,2355.24,502805,Q
451581,78,1,M981,7,6155.73,502806,E
451438,91,1,M204,12,3594.6,502807,Q
451305,82,1,M211,1,720.45,502808,E
451645,62,1,M421,1,190.24,502809,Q
451968,68,1,M281,6,2039.64,502810,Q
451576,47,1,M748,6,3936.0,502811,Q
451819,60,1,M204,11,2153.14,502812,Q
451374,76,1,M589,16,1048.96,502813,E
451119,65,1,M431,5,2638.5,502814,E
451250,68,1,M957,14,3277.82,502815,Q
451532,75,1,M604,2,1437.86,502816,E
451591,65,1,M901,3,422.46,502817,E
451008,43,1,M894,8,2051.36,502818,Q
451676,76,1,M686,13,8371.87,502819,E
451995,31,1,M258,13,1533.09,502820,Q
451193,33,1,M148,3,2397.54,502821,Q
451016,54,1,M421,11,3924.03,502822,Q
451951,31,1,M517,13,2004.34,502823,E
451260,98,1,M304,11,9840.05,502824,Q
451263,57,1,M589,8,4963.36,502825,Q
451799,54,1,M601,20,1561.6,502826,E
451335,52,1,M894,7,1450.47,502827,Q
451788,36,1,M617,10,3483.2,502828,E
451940,44,1,M454,4,2598.92,502829,E
451092,54,1,M908,1,868.6,502830,Q
451832,91,1,M127,15,6731.1,502831,E
451572,24,1,M138,8,1554.16,502832,E
451372,55,1,M256,3,1704.57,502833,E
451748,94,1,M676,1,388.37,502834,E
451936,64,1,M160,11,3056.9,502835,Q
451381,83,1,M932,16,1623.2,502836,E
451465,85,1,M287,8,5783.36,502837,E
451223,94,1,M281,1,488.83,502838,Q
451844,33,1,M810,5,3000.4,502839,E
451299,38,1,M231,4,1630.56,502840,Q
451641,84,1,M714,7,6920.97,502841,Q
451900,90,1,M969,1,843.93,502842,Q
451619,65,1,M859,6,1620.54,502843,E
451647,24,1,M108,1,620.18,502844,Q
451970,41,1,M859,18,11124.54,502845,Q
451870,63,1,M936,9,2558.43,502846,E
451148,22,1,M390,11,4123.24,502847,E
451791,38,1,M726,3,1563.39,502848,Q
451038,62,1,M908,14,1035.44,502849,E
451092,54,1,M908,1,868.6,502850,E
451027,21,1,M108,1,396.32,502851,Q
451620,78,1,M376,16,9066.08,502852,Q
451647,65,1,M536,15,8073.3,502853,E
451728,29,1,M203,14,12141.78,502854,E
451745,45,1,M714,4,590.44,502855,E
451704,93,1,M939,4,1013.04,502856,Q
451283,83,1,M933,1,241.08,502857,E
451999,71,1,M757,14,1979.32,502858,Q
451874,57,1,M902,4,666.2,502859,Q
451530,77,1,M339,4,2917.28,502860,E
451539,64,1,M257,1,845.08,502861,E
451072,60,1,M987,9,2431.35,502862,Q
451708,76,1,M987,2,1004.0,502863,Q
451797,92,1,M589,10,1597.7,502864,Q
451347,94,1,M936,4,3016.08,502865,E
451435,48,1,M204,7,1296.19,502866,E
451561,67,1,M410,14,10018.26,502867,E
451245,42,1,M502,17,12306.64,502868,Q
451105,26,1,M853,7,1937.11,502869,Q
451227,98,1,M421,2,889.92,502870,E
451596,97,1,M381,4,2085.08,502871,Q
451895,47,1,M751,5,492.2,502872,E
451737,89,1,M230,19,12368.05,502873,Q
451099,61,1,M939,20,12961.2,502874,Q
451453,40,1,M412,1,207.16,502875,E
451931,58,1,M913,17,16152.89,502876,Q
451672,28,1,M936,7,6669.53,502877,E
451672,28,1,M936,7,6669.53,502878,Q
451958,68,1,M815,11,10935.98,502879,Q
451245,56,1,M166,19,7648.07,502880,Q
451151,48,1,M721,18,13547.88,502881,E
451373,45,1,M618,20,19485.0,502882,Q
451593,50,1,M404,13,12874.16,502883,E
451112,66,1,M306,14,10549.42,502884,E
451898,69,1,M527,3,537.87,502885,Q
451625,72,1,M558,2,267.0,502886,Q
451327,84,1,M257,5,4651.55,502887,E
451242,60,1,M815,5,651.35,502888,Q
451076,34,1,M203,7,5578.09,502889,Q
451400,77,1,M166,20,15941.0,502890,Q
451639,57,1,M258,1,396.08,502891,E
451984,28,1,M969,1,274.27,502892,Q
451834,98,1,M887,17,9537.34,502893,Q
451030,81,1,M932,2,1803.76,502894,E
451501,16,1,M179,7,5554.29,502895,Q
451184,27,1,M794,14,2664.76,502896,Q
451750,77,1,M617,10,1580.7,502897,Q
451038,99,1,M829,6,2902.44,502898,E
451261,90,1,M412,2,1385.04,502899,Q
451742,92,1,M494,8,458.32,502900,Q
451983,23,1,M887,5,2500.65,502901,Q
451549,75,1,M718,3,1631.85,502902,Q
451818,79,1,M608,6,5186.52,502903,Q
451337,82,1,M969,20,16330.8,502904,E
451616,68,1,M721,20,13291.8,502905,Q
451771,58,1,M936,5,2662.15,502906,Q
451603,12,1,M933,20,6141.4,502907,Q
451735,14,1,M899,20,2001.2,502908,Q
451092,54,1,M908,1,868.6,502909,Q
451208,85,1,M887,3,1652.07,502910,E
451763,29,1,M258,8,4235.36,502911,E
451136,64,1,M601,15,12935.55,502912,E
451358,15,1,M527,9,5383.17,502913,E
451306,90,1,M878,10,5905.0,502914,E
451787,42,1,M361,1,499.18,502915,E
451347,27,1,M473,10,959.0,502916,Q
451853,58,1,M390,20,10030.4,502917,E
451828,84,1,M816,18,15978.78,502918,E
451806,93,1,M936,4,2486.24,502919,Q
451945,44,1,M786,16,1913.6,502920,E
451734,99,1,M572,1,361.66,502921,E
451528,17,1,M404,1,399.99,502922,E
451618,95,1,M129,1,263.57,502923,Q
451604,84,1,M380,10,1573.1,502924,E
451602,57,1,M617,10,9712.1,502925,Q
451433,96,1,M776,18,5367.78,502926,E
451782,17,1,M669,3,2845.44,502927,E
451093,46,1,M382,18,13887.54,502928,Q
451089,67,1,M617,11,6545.77,502929,Q
451813,66,1,M757,15,7375.8,502930,E
451895,72,1,M938,19,8693.83,502931,E
451655,99,1,M232,6,1224.96,502932,E
451259,34,1,M913,11,3735.49,502933,E
451849,24,1,M831,5,3506.9,502934,E
451795,76,1,M850,10,4130.9,502935,E
451417,82,1,M604,16,15596.32,502936,E
451007,57,1,M878,16,9275.2,502937,Q
451825,50,1,M219,20,8706.2,502938,E
451496,67,1,M902,16,6795.2,502939,E
451298,71,1,M249,10,4732.7,502940,E
451032,75,1,M298,12,4077.36,502941,Q
451018,89,1,M148,7,6675.41,502942,Q
451509,12,1,M431,9,8212.77,502943,E
451747,43,1,M360,17,4363.56,502944,Q
451341,69,1,M249,12,2087.04,502945,E
451764,69,1,M517,14,4416.44,502946,Q
451679,16,1,M547,6,1347.24,502947,E
451759,20,1,M920,9,7191.81,502948,Q
451062,85,1,M887,5,2947.35,502949,E
451643,97,1,M815,1,963.36,502950,Q
451795,31,1,M270,7,3596.53,502951,Q
451832,11,1,M676,15,14005.35,502952,E
451173,99,1,M853,17,7083.73,502953,Q
451343,66,1,M416,6,2492.46,502954,E
451933,41,1,M609,5,1719.45,502955,E
451625,47,1,M228,18,13974.48,502956,Q
451504,72,1,M799,14,8674.68,502957,E
451255,99,1,M714,19,17683.11,502958,Q
451250,19,1,M249,16,12894.88,502959,E
451247,29,1,M160,3,2418.3,502960,E
451477,77,1,M617,13,7431.32,502961,E
451665,82,1,M127,2,1883.54,502962,Q
451337,70,1,M113,17,1172.32,502963,E
451987,25,1,M685,14,11738.3,502964,Q
451570,38,1,M339,4,229.6,502965,E
451888,37,1,M969,2,945.74,502966,E
451388,81,1,M256,10,2196.1,502967,Q
451322,63,1,M957,14,4480.0,502968,E
451433,59,1,M465,16,1898.24,502969,E
451882,54,1,M376,12,9734.64,502970,Q
451139,53,1,M390,15,3019.8,502971,E
451314,59,1,M902,15,5914.8,502972,Q
451698,94,1,M129,7,5085.5,502973,Q
451779,56,1,M113,10,2020.3,502974,E
451336,20,1,M887,14,9642.22,502975,Q
451567,34,1,M957,6,2829.54,502976,Q
451287,47,1,M676,6,5675.94,502977,E
451390,74,1,M221,6,3894.54,502978,E
451012,22,1,M676,14,8957.9,502979,Q
451400,43,1,M107,6,5395.44,502980,E
451481,60,1,M421,15,7867.35,502981,Q
451523,38,1,M144,16,12982.72,502982,E
451300,24,1,M108,13,9696.83,502983,E
451349,28,1,M474,2,1102.5,502984,Q
451294,26,1,M676,11,6721.22,502985,E
451156,31,1,M487,1,729.84,502986,E
451607,41,1,M258,10,4980.4,502987,E
451648,29,1,M699,18,4746.06,502988,E
451342,76,1,M746,12,2890.68,502989,Q
451453,51,1,M815,12,11977.32,502990,Q
451308,72,1,M991,14,11194.82,502991,Q
451571,69,1,M482,15,10756.35,502992,Q
451616,68,1,M721,20,13291.8,502993,Q
451433,72,1,M368,6,5516.52,502994,Q
451078,96,1,M361,5,1015.25,502995,Q
451034,90,1,M536,10,7375.5,502996,E
451250,94,1,M108,19,4282.03,502997,E
451505,50,1,M127,6,3030.6,502998,E
451607,13,1,M877,7,487.34,502999,Q
451075,75,2,M686,10,8804.4,2025-08-02,Q
451538,11,2,M850,19,12085.9,2025-10-04,Q
451263,42,2,M646,6,1193.58,2025-09-30,Q
451454,36,2,M368,3,380.76,2025-08-04,Q
451978,89,2,M166,17,13324.77,2025-10-04,Q
451506,25,2,M676,20,13454.8,2025-07-29,Q
451794,26,2,M757,13,2177.89,2025-09-08,Q
451838,15,2,M258,14,1568.56,2025-07-29,Q
451646,44,2,M127,6,3665.82,2025-09-08,Q
451797,92,2,M589,10,1597.7,2025-08-31,Q
451175,70,2,M555,5,3730.9,2025-07-25,Q
451336,20,2,M887,14,9642.22,2025-09-24,Q
451119,14,2,M654,10,3947.5,2025-09-22,Q
451579,69,2,M987,9,6158.07,2025-10-10,Q
451689,72,2,M831,14,11801.86,2025-08-21,Q
451150,93,2,M552,11,7711.66,2025-08-03,Q
451419,82,2,M901,4,1219.72,2025-08-29,Q
451626,45,2,M689,5,1410.1,2025-07-27,Q
451120,32,2,M817,13,7646.73,2025-08-05,Q
451547,73,2,M380,1,229.31,2025-07-20,Q
451458,67,2,M341,4,997.04,2025-07-28,Q
451295,66,2,M718,15,9621.6,2025-07-18,Q
451620,78,2,M376,16,9066.08,2025-09-10,Q
451779,56,2,M113,10,2020.3,2025-10-10,Q
451546,78,2,M920,4,512.0,2025-07-18,Q
451385,23,2,M751,15,5029.05,2025-09-16,Q
451154,51,2,M203,3,1100.88,2025-08-11,Q
451620,78,2,M376,16,9066.08,2025-08-03,Q
451488,90,2,M256,8,3370.72,2025-10-10,Q
451300,89,2,M257,6,2041.26,2025-10-01,Q
451556,69,2,M669,15,5564.25,2025-10-07,Q
451903,40,2,M319,1,395.07,2025-08-15,Q
451691,23,2,M114,8,4483.92,2025-07-26,Q
451995,63,2,M455,16,13768.0,2025-09-28,Q
451331,83,2,M144,2,223.48,2025-09-23,Q
451498,28,2,M270,19,16945.53,2025-10-05,Q
451645,32,2,M757,5,2072.65,2025-09-17,Q
451031,20,2,M373,7,1171.66,2025-09-03,Q
451443,22,2,M750,14,10084.76,2025-10-07,Q
451628,93,2,M536,20,16507.8,2025-09-02,Q
451692,32,2,M547,9,4511.7,2025-09-12,Q
451740,48,2,M714,18,16415.64,2025-08-22,Q
451334,52,2,M107,20,5198.6,2025-07-22,Q
451762,91,2,M902,20,14699.8,2025-09-25,Q
451753,96,2,M453,3,1936.41,2025-07-18,Q
451434,42,2,M258,15,8082.9,2025-07-19,Q
451606,13,2,M142,7,546.14,2025-10-02,Q
451334,34,2,M622,8,1885.12,2025-09-06,Q
451218,35,2,M721,19,16662.24,2025-08-04,Q
451232,51,2,M293,2,1029.9,2025-10-03,Q
451174,77,2,M714,5,2112.25,2025-07-22,Q
451657,58,2,M970,11,3101.67,2025-09-12,Q
451938,56,2,M748,2,988.62,2025-09-23,Q
451949,85,2,M817,5,2801.6,2025-09-19,Q
451356,24,2,M601,6,5340.78,2025-07-22,Q
451484,75,2,M256,7,1404.2,2025-10-14,Q
451455,79,2,M536,16,9709.6,2025-07-18,Q
451217,82,2,M256,17,4763.74,2025-09-27,Q
451466,57,2,M306,3,835.47,2025-09-28,Q
451860,69,2,M494,7,567.0,2025-09-28,Q
451557,90,2,M920,17,13763.37,2025-09-05,Q
451407,66,2,M281,1,990.98,2025-09-25,Q
451905,96,2,M954,8,2270.16,2025-08-28,Q
451976,54,2,M686,1,299.64,2025-09-25,Q
451141,59,2,M815,2,124.28,2025-08-27,Q
451646,44,2,M127,6,3665.82,2025-09-06,Q
451529,87,2,M969,14,1931.02,2025-08-21,Q
451313,35,2,M589,11,6580.2,2025-10-06,Q
451330,79,2,M833,14,13981.38,2025-10-04,Q
451978,15,2,M751,8,2761.12,2025-07-20,Q
451419,82,2,M901,4,1219.72,2025-09-04,Q
451399,85,2,M685,13,4115.28,2025-08-18,Q
451648,29,2,M699,18,4746.06,2025-08-09,Q
451664,87,2,M219,16,5495.36,2025-08-05,Q
451512,16,2,M254,8,1194.32,2025-07-30,Q
451752,63,2,M221,10,2924.9,2025-10-07,Q
451885,46,2,M555,14,6558.3,2025-10-14,Q
451459,61,2,M816,14,2468.62,2025-08-02,Q
451266,16,2,M287,20,18218.0,2025-09-13,Q
451161,54,2,M517,13,8413.99,2025-10-14,Q
451885,55,2,M683,5,3965.55,2025-07-31,Q
451075,96,2,M853,4,3253.32,2025-09-10,Q
451545,78,2,M665,20,2270.2,2025-09-01,Q
451369,16,2,M336,14,9002.14,2025-09-24,Q
451502,64,2,M536,7,4156.53,2025-09-10,Q
451561,81,2,M689,17,5675.45,2025-09-10,Q
451357,25,2,M230,11,1184.26,2025-08-31,Q
451457,14,2,M939,8,3155.52,2025-08-12,Q
451213,72,2,M547,20,5341.0,2025-07-20,Q
451016,54,2,M421,11,3924.03,2025-10-14,Q
451582,33,2,M360,1,548.74,2025-09-28,Q
451511,74,2,M669,19,12316.56,2025-08-16,Q
451881,48,2,M685,2,1201.12,2025-07-25,Q
451143,75,2,M961,8,3788.72,2025-07-21,Q
451527,42,2,M454,2,133.7,2025-08-13,Q
451668,38,2,M721,20,19026.2,2025-09-04,Q
451997,87,2,M970,1,824.56,2025-09-19,Q
451017,23,2,M940,13,5867.16,2025-09-22,Q
451594,78,2,M833,10,4984.5,2025-10-11,Q
451276,17,2,M751,6,5243.7,2025-08-01,Q
451728,35,2,M360,10,1600.2,2025-09-19,Q
451305,41,2,M306,12,975.96,2025-09-30,Q
451043,40,2,M555,13,4853.16,2025-07-29,Q
451865,36,2,M569,12,3820.56,2025-08-25,Q
451014,55,2,M855,10,3553.7,2025-07-21,Q
451942,39,2,M487,2,1023.82,2025-09-15,Q
451189,17,2,M173,19,11638.07,2025-09-15,Q
451471,72,2,M855,12,8651.04,2025-09-21,Q
451809,39,2,M649,1,880.05,2025-07-19,Q
451381,41,2,M870,8,587.12,2025-08-20,Q
451565,79,2,M368,2,835.08,2025-08-08,Q
451212,40,2,M144,9,787.59,2025-07-22,Q
451572,14,2,M257,5,2417.05,2025-07-30,Q
451503,57,2,M940,8,7752.48,2025-08-16,Q
451556,69,2,M669,15,5564.25,2025-10-01,Q
451518,38,2,M794,9,5065.92,2025-08-15,Q
451984,80,2,M431,18,16131.42,2025-09-08,Q
451020,36,2,M936,16,10772.0,2025-09-22,Q
451264,73,2,M839,20,6995.6,2025-10-11,Q
451414,65,2,M886,2,799.42,2025-08-05,Q
451390,82,2,M938,12,11755.32,2025-09-02,Q
451062,64,2,M608,19,17540.23,2025-07-31,Q
451922,38,2,M221,15,3901.95,2025-07-25,Q
451662,56,2,M230,4,2811.32,2025-10-11,Q
451676,83,2,M987,10,4090.7,2025-10-05,Q
451237,91,2,M872,6,3771.18,2025-10-06,Q
451695,76,2,M617,3,2036.94,2025-09-25,Q
451229,14,2,M289,15,10234.2,2025-09-29,Q
451466,57,2,M306,3,835.47,2025-09-06,Q
451056,93,2,M390,15,7771.65,2025-09-08,Q
451607,95,2,M987,19,1589.35,2025-09-02,Q
451518,74,2,M416,1,862.29,2025-08-19,Q
451562,22,2,M835,5,1379.2,2025-10-02,Q
451645,64,2,M902,20,3820.8,2025-09-28,Q
451363,69,2,M968,12,3443.52,2025-08-05,Q
451615,40,2,M589,7,552.3,2025-08-11,Q
451089,42,2,M487,10,2371.7,2025-07-23,Q
451842,50,2,M710,16,7478.88,2025-08-17,Q
451091,13,2,M622,7,6237.91,2025-09-10,Q
451014,10,2,M954,19,13594.5,2025-10-11,Q
451154,51,2,M203,3,1100.88,2025-09-14,Q
451669,16,2,M746,17,10768.99,2025-09-30,Q
451818,34,2,M776,6,5383.02,2025-08-26,Q
451287,29,2,M908,11,4292.09,2025-08-18,Q
451572,24,2,M138,8,1554.16,2025-09-09,Q
451460,63,2,M211,2,996.72,2025-07-26,Q
451253,52,2,M494,5,1598.05,2025-08-08,Q
451496,72,2,M981,11,2061.4,2025-09-19,Q
451757,31,2,M969,12,5063.52,2025-07-23,Q
451816,50,2,M855,18,6983.46,2025-09-16,Q
451100,44,2,M304,17,5659.3,2025-09-18,Q
451556,34,2,M843,3,349.08,2025-09-13,Q
451296,16,2,M304,9,5598.81,2025-10-06,Q
451374,76,2,M589,16,1048.96,2025-07-27,Q
451235,75,2,M211,3,1735.35,2025-09-16,Q
451351,38,2,M172,7,4543.28,2025-09-05,Q
451957,50,2,M538,16,15616.0,2025-10-08,Q
451053,44,2,M817,6,5327.22,2025-09-12,Q
451924,16,2,M275,20,4057.8,2025-08-09,Q
451498,28,2,M270,19,16945.53,2025-08-01,Q
451770,30,2,M142,2,1789.4,2025-08-24,Q
451247,29,2,M160,3,2418.3,2025-10-07,Q
451138,33,2,M908,1,688.79,2025-10-04,Q
451697,49,2,M751,9,2569.05,2025-09-23,Q
451223,94,2,M281,1,488.83,2025-08-22,Q
451056,29,2,M810,9,5314.23,2025-10-14,Q
451184,27,2,M794,14,2664.76,2025-09-16,Q
451091,13,2,M622,7,6237.91,2025-09-06,Q
451702,43,2,M538,9,5604.66,2025-09-23,Q
451025,28,2,M527,13,9184.11,2025-08-18,Q
451963,12,2,M991,16,4871.68,2025-09-11,Q
451635,15,2,M833,1,816.23,2025-08-04,Q
451997,87,2,M970,1,824.56,2025-09-23,Q
451354,95,2,M721,20,12893.2,2025-10-04,Q
451018,90,2,M138,14,3569.86,2025-09-25,Q
451891,89,2,M646,11,4873.77,2025-07-29,Q
451645,62,2,M421,1,190.24,2025-08-01,Q
451599,95,2,M757,2,1827.04,2025-08-17,Q
451626,45,2,M689,5,1410.1,2025-07-29,Q
451247,65,2,M360,15,3780.15,2025-09-28,Q
451032,50,2,M939,17,1921.0,2025-10-06,Q
451677,18,2,M114,2,1119.58,2025-08-07,Q
451059,81,2,M908,5,4530.25,2025-08-26,Q
451260,28,2,M114,5,1162.25,2025-08-15,Q
451099,66,2,M113,7,1392.51,2025-08-26,Q
451337,42,2,M376,16,11761.6,2025-08-07,Q
451380,37,2,M289,4,3790.64,2025-09-01,Q
451472,54,2,M212,8,2956.96,2025-10-12,Q
451791,83,2,M886,15,13001.85,2025-10-01,Q
451870,63,2,M936,9,2558.43,2025-09-16,Q
451877,61,2,M700,16,8678.72,2025-09-18,Q
451966,47,2,M913,13,11150.49,2025-07-28,Q
451131,32,2,M746,9,2462.49,2025-09-08,Q
451174,39,2,M381,20,9397.0,2025-07-22,Q
451710,94,2,M681,12,2738.16,2025-09-01,Q
451567,12,2,M412,20,1008.8,2025-09-19,Q
451473,31,2,M357,2,641.78,2025-09-29,Q
451378,24,2,M249,7,3838.45,2025-08-09,Q
451417,82,2,M604,16,15596.32,2025-07-29,Q
451131,32,2,M746,9,2462.49,2025-08-01,Q
451002,14,2,M455,9,885.06,2025-08-12,Q
451320,79,2,M221,15,7661.1,2025-07-18,Q
451953,61,2,M968,14,7851.9,2025-10-01,Q
451046,28,2,M283,10,834.1,2025-08-06,Q
451342,99,2,M412,6,4061.94,2025-07-25,Q
451057,78,2,M404,19,10552.03,2025-08-21,Q
451661,16,2,M969,9,3273.75,2025-09-16,Q
451070,94,2,M683,18,4816.98,2025-09-09,Q
451533,27,2,M354,20,12215.2,2025-08-20,Q
451178,45,2,M981,16,1239.04,2025-08-30,Q
451286,44,2,M872,14,7184.66,2025-09-08,Q
451790,17,2,M853,1,93.6,2025-08-17,Q
451833,81,2,M138,4,3991.64,2025-09-18,Q
451134,52,2,M987,20,18416.2,2025-08-14,Q
451062,80,2,M494,7,5643.4,2025-08-20,Q
451668,29,2,M757,19,8374.82,2025-09-29,Q
451572,75,2,M968,3,2711.01,2025-08-01,Q
451808,43,2,M833,19,7735.66,2025-08-12,Q
451588,25,2,M368,1,432.33,2025-09-19,Q
451479,98,2,M815,16,9298.4,2025-09-30,Q
451838,88,2,M810,4,2882.92,2025-09-27,Q
451643,97,2,M815,1,963.36,2025-08-20,Q
451685,83,2,M957,5,3548.95,2025-08-23,Q
451763,48,2,M853,19,12746.53,2025-08-24,Q
451353,51,2,M160,7,1639.75,2025-09-15,Q
451129,74,2,M969,6,4695.06,2025-09-18,Q
451926,97,2,M718,8,4840.24,2025-09-18,Q
451804,93,2,M494,17,14368.91,2025-09-23,Q
451986,28,2,M751,16,7335.36,2025-08-25,Q
451979,61,2,M610,14,12039.86,2025-09-01,Q
451724,92,2,M254,5,3781.4,2025-08-05,Q
451512,16,2,M254,8,1194.32,2025-09-06,Q
451122,36,2,M373,5,1013.9,2025-08-25,Q
451023,69,2,M114,5,3430.95,2025-07-20,Q
451350,47,2,M232,11,8572.96,2025-08-21,Q
451735,87,2,M853,9,7801.56,2025-09-20,Q
451010,25,2,M256,6,3588.66,2025-08-21,Q
451356,94,2,M336,6,669.42,2025-09-09,Q
451370,96,2,M336,15,2880.75,2025-07-17,Q
451110,67,2,M360,18,6996.6,2025-09-09,Q
451601,58,2,M555,6,1650.42,2025-09-17,Q
451496,21,2,M354,14,10047.8,2025-09-20,Q
451126,32,2,M114,2,1772.82,2025-08-27,Q
451394,15,2,M878,4,3410.28,2025-08-26,Q
451540,93,2,M454,15,14532.0,2025-09-09,Q
451169,21,2,M249,5,3874.4,2025-09-11,Q
451199,45,2,M810,20,3110.6,2025-09-06,Q
451243,58,2,M555,7,4421.48,2025-07-22,Q
451780,19,2,M538,10,2785.0,2025-09-18,Q
451011,92,2,M833,19,4129.65,2025-08-16,Q
451402,80,2,M676,7,1624.7,2025-08-07,Q
451440,36,2,M341,11,1198.34,2025-07-19,Q
451688,45,2,M987,8,1187.68,2025-08-03,Q
451403,13,2,M676,5,1116.95,2025-09-22,Q
451625,34,2,M262,6,451.56,2025-07-17,Q
451664,87,2,M219,16,5495.36,2025-09-21,Q
451364,84,2,M618,6,699.6,2025-09-13,Q
451068,71,2,M886,2,424.98,2025-08-26,Q
451450,97,2,M794,11,4285.38,2025-09-18,Q
451335,52,2,M894,7,1450.47,2025-08-01,Q
451493,42,2,M901,20,2376.0,2025-08-03,Q
451941,48,2,M894,16,15352.8,2025-09-13,Q
451037,46,2,M341,7,2852.64,2025-09-21,Q
451270,83,2,M138,4,1582.2,2025-08-19,Q
451873,20,2,M257,8,6693.76,2025-07-19,Q
451771,58,2,M936,5,2662.15,2025-08-19,Q
451598,45,2,M569,17,1471.18,2025-09-03,Q
451667,72,2,M148,19,6539.42,2025-09-13,Q
451747,14,2,M870,1,629.53,2025-10-02,Q
451678,57,2,M538,1,481.4,2025-09-24,Q
451558,39,2,M494,1,835.09,2025-08-16,Q
451324,92,2,M232,12,10289.76,2025-08-04,Q
451248,44,2,M878,2,527.44,2025-09-17,Q
451371,51,2,M700,7,1314.6,2025-09-05,Q
451376,94,2,M617,15,2578.35,2025-09-14,Q
451767,85,2,M148,11,7073.66,2025-08-04,Q
451532,95,2,M258,1,947.07,2025-10-11,Q
451217,98,2,M181,8,5628.24,2025-09-24,Q
451972,70,2,M256,11,10253.43,2025-09-04,Q
451506,73,2,M289,19,16531.9,2025-09-20,Q
451902,55,2,M681,2,1502.34,2025-07-18,Q
451865,36,2,M569,12,3820.56,2025-10-13,Q
451079,40,2,M360,9,6487.83,2025-10-11,Q
451861,68,2,M138,9,8863.11,2025-10-03,Q
451854,25,2,M681,19,13782.03,2025-08-16,Q
451742,61,2,M686,19,9238.18,2025-08-08,Q
451873,20,2,M257,8,6693.76,2025-09-21,Q
451212,69,2,M258,8,2399.12,2025-08-17,Q
451601,40,2,M676,6,4431.54,2025-09-03,Q
451389,97,2,M453,15,5534.1,2025-08-12,Q
451761,92,2,M148,19,6547.02,2025-09-01,Q
451915,43,2,M283,16,7764.96,2025-07-23,Q
451697,47,2,M527,7,3554.32,2025-07-31,Q
451407,66,2,M281,1,990.98,2025-08-27,Q
451863,70,2,M649,8,1184.48,2025-09-23,Q
451856,81,2,M805,2,1971.6,2025-10-12,Q
451825,46,2,M107,19,8097.23,2025-08-27,Q
451566,18,2,M453,3,1640.37,2025-08-29,Q
451260,13,2,M256,7,2169.65,2025-10-08,Q
451467,79,2,M431,6,1532.88,2025-08-05,Q
451431,28,2,M256,8,6663.52,2025-08-20,Q
451783,85,2,M381,10,5331.6,2025-08-11,Q
451388,18,2,M894,16,8638.88,2025-08-19,Q
451864,95,2,M114,16,15451.2,2025-09-17,Q
451831,24,2,M487,18,15712.56,2025-08-17,Q
451352,24,2,M829,20,8252.0,2025-09-19,Q
451996,77,2,M281,15,11435.1,2025-07-31,Q
451331,83,2,M144,2,223.48,2025-08-14,Q
451656,89,2,M987,6,3597.0,2025-09-13,Q
451773,20,2,M721,6,3652.92,2025-07-27,Q
451819,60,2,M204,11,2153.14,2025-09-21,Q
451604,84,2,M380,10,1573.1,2025-07-19,Q
451660,10,2,M899,13,2934.23,2025-10-04,Q
451522,10,2,M700,16,10568.16,2025-07-28,Q
451090,24,2,M853,3,1311.3,2025-09-04,Q
451150,93,2,M552,11,7711.66,2025-07-20,Q
451387,74,2,M683,1,389.01,2025-10-10,Q
451107,22,2,M794,1,783.98,2025-09-06,Q
451365,29,2,M700,18,10971.72,2025-10-06,Q
451968,44,2,M262,17,4932.04,2025-08-29,Q
451571,77,2,M266,13,10264.02,2025-08-21,Q
451137,38,2,M901,4,1087.24,2025-08-24,Q
451027,62,2,M932,20,12404.2,2025-09-10,Q
451121,28,2,M270,18,4918.5,2025-07-22,Q
451477,77,2,M617,13,7431.32,2025-10-03,Q
451862,39,2,M148,9,5503.05,2025-09-02,Q
451808,65,2,M710,1,596.12,2025-09-19,Q
451584,22,2,M262,6,5337.3,2025-09-30,Q
451862,39,2,M148,9,5503.05,2025-09-14,Q
451110,67,2,M360,18,6996.6,2025-10-03,Q
451822,74,2,M502,16,10389.76,2025-09-04,Q
451338,73,2,M275,7,2640.33,2025-07-18,Q
451402,80,2,M676,7,1624.7,2025-07-29,Q
451240,43,2,M794,13,10622.3,2025-08-01,Q
451018,75,2,M961,17,5262.01,2025-09-15,Q
451508,66,2,M604,17,11865.32,2025-07-24,Q
451702,56,2,M726,14,10716.3,2025-07-27,Q
451391,24,2,M920,17,11143.67,2025-08-23,Q
451723,22,2,M665,15,14883.75,2025-09-08,Q
451633,29,2,M805,11,4158.55,2025-10-11,Q
451546,21,2,M454,19,13331.73,2025-08-25,Q
451451,31,2,M899,2,1874.88,2025-07-27,Q
451234,38,2,M421,18,11370.6,2025-09-08,Q
451403,13,2,M676,5,1116.95,2025-08-16,Q
451252,79,2,M289,2,1033.0,2025-10-04,Q
451220,40,2,M721,5,4986.15,2025-10-03,Q
451913,64,2,M547,15,2115.6,2025-10-14,Q
451568,64,2,M760,12,1811.28,2025-09-08,Q
451452,64,2,M817,17,2425.05,2025-08-21,Q
451863,17,2,M421,13,11488.62,2025-07-17,Q
451072,55,2,M748,19,1981.32,2025-10-12,Q
451414,64,2,M404,14,11356.8,2025-08-09,Q
451435,48,2,M204,7,1296.19,2025-09-16,Q
451598,94,2,M961,10,6258.8,2025-08-25,Q
451784,15,2,M258,7,6145.79,2025-07-24,Q
451715,27,2,M674,9,1822.41,2025-07-20,Q
451039,43,2,M833,2,328.46,2025-09-28,Q
451688,26,2,M940,8,5487.44,2025-09-11,Q
451686,20,2,M810,9,8092.71,2025-07-27,Q
451403,13,2,M676,5,1116.95,2025-08-16,Q
451996,77,2,M281,15,11435.1,2025-09-15,Q
451754,12,2,M887,18,8295.3,2025-09-08,Q
451495,52,2,M805,4,1568.92,2025-10-11,Q
451064,98,2,M142,11,969.87,2025-09-07,Q
451244,87,2,M410,16,6404.96,2025-09-14,Q
451724,92,2,M254,5,3781.4,2025-09-20,Q
451424,29,2,M805,1,254.61,2025-08-20,Q
451100,44,2,M304,17,5659.3,2025-08-25,Q
451684,64,2,M908,10,1649.6,2025-10-02,Q
451885,46,2,M555,14,6558.3,2025-09-23,Q
451716,83,2,M816,11,1100.77,2025-08-20,Q
451182,81,2,M968,1,181.05,2025-07-28,Q
451840,98,2,M108,15,11034.6,2025-09-25,Q
451003,55,2,M968,16,5531.2,2025-07-18,Q
451341,69,2,M249,12,2087.04,2025-10-10,Q
451090,24,2,M853,3,1311.3,2025-09-08,Q
451664,87,2,M219,16,5495.36,2025-10-06,Q
451634,64,2,M382,9,8458.02,2025-08-23,Q
451769,68,2,M718,2,1928.96,2025-08-27,Q
451792,38,2,M833,4,1352.36,2025-10-05,Q
451059,68,2,M850,14,13425.16,2025-07-27,Q
451054,48,2,M404,14,3925.18,2025-09-02,Q
451509,12,2,M431,9,8212.77,2025-07-19,Q
451352,29,2,M839,13,4765.15,2025-09-15,Q
451220,40,2,M721,5,4986.15,2025-08-24,Q
451013,97,2,M816,2,446.58,2025-07-23,Q
451898,69,2,M527,3,537.87,2025-10-14,Q
451105,83,2,M699,5,1689.3,2025-07-24,Q
451250,94,2,M902,15,14486.25,2025-08-11,Q
451616,68,2,M721,20,13291.8,2025-09-08,Q
451328,62,2,M547,9,2327.31,2025-09-24,Q
451950,76,2,M487,3,702.45,2025-08-19,Q
451522,72,2,M416,8,1429.6,2025-09-01,Q
451431,28,2,M256,8,6663.52,2025-09-16,Q
451134,42,2,M969,12,795.72,2025-07-31,Q
451220,57,2,M517,1,729.1,2025-08-23,Q
451219,73,2,M674,14,11924.08,2025-08-27,Q
451514,92,2,M281,16,15093.28,2025-09-30,Q
451125,34,2,M940,16,7233.44,2025-10-04,Q
451620,73,2,M181,20,8715.6,2025-09-11,Q
451474,52,2,M726,19,14420.62,2025-07-29,Q
451886,13,2,M682,16,6469.6,2025-09-13,Q
451737,89,2,M230,19,12368.05,2025-09-25,Q
451211,34,2,M243,6,1845.48,2025-07-27,Q
451819,68,2,M339,1,856.71,2025-08-21,Q
451641,84,2,M714,7,6920.97,2025-07-24,Q
451211,34,2,M243,6,1845.48,2025-08-18,Q
451944,77,2,M148,8,6548.48,2025-10-14,Q
451944,35,2,M380,16,15939.36,2025-08-28,Q
451294,26,2,M676,11,6721.22,2025-08-06,Q
451955,53,2,M604,2,1792.62,2025-09-09,Q
451390,80,2,M431,17,14767.22,2025-09-08,Q
451174,39,2,M381,20,9397.0,2025-08-28,Q
451190,80,2,M718,1,66.24,2025-08-17,Q
451975,92,2,M853,8,7803.44,2025-10-14,Q
451117,38,2,M221,6,1792.38,2025-09-06,Q
451012,97,2,M751,4,830.6,2025-09-12,Q
451441,18,2,M936,1,857.49,2025-08-19,Q
451027,62,2,M932,20,12404.2,2025-08-22,Q
451061,66,2,M827,15,3490.95,2025-08-10,Q
451190,80,2,M718,1,66.24,2025-09-23,Q
451567,12,2,M412,20,1008.8,2025-08-07,Q
451515,59,2,M843,13,1653.21,2025-09-24,Q
451601,40,2,M107,17,1957.72,2025-08-03,Q
451872,10,2,M969,10,6757.0,2025-10-14,Q
451780,19,2,M538,10,2785.0,2025-09-21,Q
451101,29,2,M410,2,484.86,2025-08-18,Q
451929,63,2,M547,3,308.52,2025-10-11,Q
451358,24,2,M380,4,3686.8,2025-09-23,Q
451392,65,2,M748,15,6472.2,2025-07-20,Q
451348,40,2,M609,19,15496.21,2025-09-02,Q
451323,50,2,M404,1,261.62,2025-10-10,Q
451824,29,2,M473,4,3880.2,2025-09-25,Q
451362,18,2,M538,14,7232.4,2025-09-18,Q
451611,48,2,M231,4,2005.12,2025-09-13,Q
451364,84,2,M618,6,699.6,2025-08-14,Q
451131,58,2,M681,2,137.72,2025-10-07,Q
451030,45,2,M878,6,4399.98,2025-07-31,Q
451436,60,2,M487,8,7401.12,2025-09-12,Q
451612,25,2,M855,13,2597.4,2025-09-27,Q
451691,23,2,M114,8,4483.92,2025-09-18,Q
451138,98,2,M604,2,1976.64,2025-09-11,Q
451073,83,2,M228,5,4975.65,2025-07-17,Q
451957,77,2,M699,3,1307.91,2025-08-16,Q
451615,40,2,M589,7,552.3,2025-09-17,Q
451318,59,2,M231,15,9012.0,2025-08-31,Q
451977,35,2,M289,3,1173.24,2025-07-27,Q
451342,99,2,M412,6,4061.94,2025-09-02,Q
451029,14,2,M608,5,981.25,2025-10-04,Q
451770,64,2,M933,10,5504.4,2025-09-26,Q
451137,14,2,M114,14,1192.24,2025-08-11,Q
451304,68,2,M685,17,4909.43,2025-09-30,Q
451056,49,2,M555,16,9806.88,2025-09-01,Q
451217,53,2,M341,10,3666.2,2025-08-02,Q
451908,69,2,M815,14,6175.4,2025-08-11,Q
451645,64,2,M902,20,3820.8,2025-08-13,Q
451556,69,2,M669,15,5564.25,2025-09-23,Q
451936,23,2,M487,11,10742.82,2025-08-14,Q
451479,98,2,M815,16,9298.4,2025-08-08,Q
451267,77,2,M827,7,1793.26,2025-07-26,Q
451021,73,2,M961,7,873.32,2025-07-29,Q
451692,51,2,M920,9,2842.38,2025-09-16,Q
451429,34,2,M839,16,3268.96,2025-08-31,Q
451262,79,2,M987,6,2831.28,2025-08-15,Q
451128,74,2,M674,3,1278.84,2025-09-18,Q
451833,81,2,M138,4,3991.64,2025-10-13,Q
451017,23,2,M940,13,5867.16,2025-10-10,Q
451398,96,2,M138,9,8214.12,2025-07-17,Q
451704,70,2,M751,3,1881.72,2025-09-15,Q
451155,82,2,M502,1,233.97,2025-09-12,Q
451042,82,2,M831,6,5546.58,2025-09-29,Q
451689,75,2,M604,7,3509.87,2025-08-31,Q
451579,69,2,M987,9,6158.07,2025-09-28,Q
451468,44,2,M142,9,4994.28,2025-07-31,Q
451504,34,2,M453,10,7317.3,2025-09-08,Q
451290,40,2,M254,9,7288.83,2025-07-22,Q
451217,98,2,M181,8,5628.24,2025-09-22,Q
451456,20,2,M682,3,1079.88,2025-08-05,Q
451672,28,2,M936,7,6669.53,2025-09-30,Q
451185,89,2,M232,14,11530.82,2025-08-19,Q
451604,70,2,M293,8,754.16,2025-08-24,Q
451189,61,2,M487,4,230.32,2025-09-22,Q
451630,75,2,M404,18,16822.44,2025-09-16,Q
451178,45,2,M981,16,1239.04,2025-09-02,Q
451431,79,2,M751,11,6328.08,2025-07-30,Q
451112,99,2,M231,13,8720.53,2025-09-25,Q
451262,59,2,M760,2,1397.26,2025-08-30,Q
451137,55,2,M254,1,888.14,2025-09-24,Q
451079,40,2,M360,9,6487.83,2025-10-12,Q
451241,36,2,M829,4,2275.52,2025-09-24,Q
451008,25,2,M831,14,10718.96,2025-09-29,Q
451223,94,2,M281,1,488.83,2025-09-08,Q
451381,67,2,M700,13,11846.9,2025-08-07,Q
451625,47,2,M228,18,13974.48,2025-09-12,Q
451185,89,2,M232,14,11530.82,2025-09-25,Q
451786,29,2,M618,8,3953.84,2025-10-06,Q
451588,25,2,M368,1,432.33,2025-08-20,Q
451287,82,2,M414,12,3532.08,2025-08-02,Q
451699,94,2,M410,12,9559.8,2025-08-15,Q
451813,93,2,M552,11,586.08,2025-07-24,Q
