EBELN,LIFNR,BEDAT,BUKRS,EKORG,EKGRP,WAERS,BSART,AEDAT
451000,V1015,2025-05-15,2000,PUR1,G01,JPY,FO,2025-05-28
451001,V1045,2025-08-30,2000,PUR3,G02,USD,NB,2025-10-10
451002,V1043,2025-07-07,2000,PUR3,G02,INR,FO,2025-07-12
451003,V1181,2025-07-27,1000,PUR3,G02,INR,FO,2025-05-27
451004,V1023,2025-09-24,1000,PUR2,G02,USD,FO,2025-09-11
451005,V1001,2025-05-21,2000,PUR2,G01,JPY,NB,2025-08-21
451006,V1114,2025-08-01,1000,PUR2,G02,JPY,NB,2025-05-11
451007,V1042,2025-05-12,2000,PUR1,G02,GBP,NB,2025-08-08
451008,V1006,2025-08-12,1000,PUR2,G03,JPY,FO,2025-06-05
451009,V1148,2025-07-24,2000,PUR2,G01,JPY,NB,2025-05-24
451010,V1125,2025-08-19,1000,PUR2,G02,USD,NB,2025-05-01
451011,V1064,2025-09-30,1000,PUR1,G01,USD,FO,2025-06-10
451012,V1092,2025-08-18,3000,PUR1,G03,USD,NB,2025-08-22
451013,V1134,2025-06-02,1000,PUR3,G03,EUR,NB,2025-10-04
451014,V1112,2025-04-25,1000,PUR2,G02,JPY,FO,2025-09-01
451015,V1156,2025-08-07,2000,PUR2,G03,INR,FO,2025-05-23
451016,V1119,2025-04-18,2000,PUR1,G03,USD,NB,2025-08-12
451017,V1182,2025-08-12,3000,PUR3,G01,GBP,NB,2025-09-04
451018,V1130,2025-06-20,2000,PUR3,G01,USD,NB,2025-09-09
451019,V1158,2025-06-23,2000,PUR1,G02,USD,NB,2025-09-20
451020,V1107,2025-05-30,2000,PUR3,G01,GBP,FO,2025-06-08
451021,V1156,2025-09-29,2000,PUR1,G02,JPY,NB,2025-10-13
451022,V1194,2025-08-28,3000,PUR1,G01,EUR,NB,2025-07-05
451023,V1001,2025-07-16,1000,PUR2,G03,INR,NB,2025-09-11
451024,V1141,2025-09-23,3000,PUR3,G03,USD,NB,2025-07-17
451025,V1148,2025-09-14,1000,PUR3,G03,GBP,NB,2025-05-07
451026,V1044,2025-07-21,1000,PUR3,G02,INR,FO,2025-05-25
451027,V1196,2025-06-13,3000,PUR1,G03,JPY,NB,2025-10-12
451028,V1174,2025-05-28,2000,PUR3,G02,INR,NB,2025-05-18
451029,V1066,2025-04-29,3000,PUR2,G02,GBP,FO,2025-09-13
451030,V1039,2025-06-05,2000,PUR3,G03,JPY,NB,2025-04-18
451031,V1109,2025-09-17,1000,PUR3,G03,EUR,NB,2025-09-17
451032,V1123,2025-07-27,2000,PUR3,G01,JPY,FO,2025-05-26
451033,V1189,2025-05-10,3000,PUR3,G01,GBP,NB,2025-04-29
451034,V1032,2025-08-15,3000,PUR3,G02,INR,NB,2025-06-23
451035,V1046,2025-07-07,3000,PUR3,G02,EUR,NB,2025-08-18
451036,V1137,2025-06-16,3000,PUR2,G03,GBP,NB,2025-04-21
451037,V1029,2025-05-14,3000,PUR3,G03,EUR,NB,2025-10-05
451038,V1061,2025-05-08,3000,PUR3,G02,USD,FO,2025-09-16
451039,V1087,2025-10-06,1000,PUR3,G02,INR,FO,2025-07-31
451040,V1112,2025-08-06,2000,PUR2,G02,EUR,NB,2025-05-05
451041,V1048,2025-05-03,2000,PUR3,G02,JPY,NB,2025-08-23
451042,V1170,2025-09-27,1000,PUR1,G02,GBP,NB,2025-07-01
451043,V1092,2025-08-14,3000,PUR3,G02,INR,NB,2025-06-11
451044,V1008,2025-08-04,3000,PUR1,G03,EUR,FO,2025-05-12
451045,V1169,2025-10-13,1000,PUR1,G01,EUR,NB,2025-08-13
451046,V1064,2025-07-06,1000,PUR3,G03,INR,NB,2025-09-26
451047,V1057,2025-04-29,1000,PUR3,G01,EUR,NB,2025-08-19
451048,V1051,2025-06-14,3000,PUR1,G02,GBP,NB,2025-09-16
451049,V1065,2025-10-03,2000,PUR1,G03,GBP,NB,2025-08-23
451050,V1028,2025-10-04,2000,PUR2,G02,INR,NB,2025-08-07
451051,V1081,2025-06-20,2000,PUR3,G03,JPY,FO,2025-09-02
451052,V1187,2025-05-18,2000,PUR1,G03,GBP,NB,2025-06-11
451053,V1017,2025-05-28,3000,PUR1,G02,JPY,FO,2025-09-09
451054,V1110,2025-07-14,1000,PUR2,G01,INR,NB,2025-08-09
451055,V1186,2025-07-21,1000,PUR3,G02,INR,NB,2025-07-18
451056,V1064,2025-05-26,3000,PUR1,G03,USD,FO,2025-05-10
451057,V1013,2025-04-25,3000,PUR3,G01,JPY,NB,2025-05-06
451058,V1125,2025-07-04,3000,PUR3,G01,USD,FO,2025-05-16
451059,V1134,2025-06-27,1000,PUR3,G02,USD,NB,2025-05-15
451060,V1018,2025-05-28,1000,PUR2,G01,EUR,NB,2025-10-14
451061,V1091,2025-06-29,1000,PUR1,G03,EUR,FO,2025-06-17
451062,V1068,2025-06-10,3000,PUR3,G03,GBP,FO,2025-10-01
451063,V1183,2025-09-24,1000,PUR3,G03,USD,NB,2025-10-03
451064,V1009,2025-07-05,2000,PUR3,G01,INR,FO,2025-07-12
451065,V1117,2025-04-27,2000,PUR3,G01,JPY,FO,2025-04-27
451066,V1021,2025-07-21,3000,PUR1,G02,USD,FO,2025-09-14
451067,V1147,2025-09-02,2000,PUR2,G02,INR,NB,2025-08-05
451068,V1093,2025-09-05,3000,PUR3,G01,JPY,NB,2025-10-13
451069,V1100,2025-05-09,3000,PUR3,G02,JPY,FO,2025-10-08
451070,V1195,2025-06-22,1000,PUR2,G01,GBP,NB,2025-10-08
451071,V1192,2025-05-25,1000,PUR2,G02,USD,FO,2025-04-23
451072,V1047,2025-05-08,2000,PUR2,G03,INR,FO,2025-05-06
451073,V1053,2025-08-20,3000,PUR1,G02,JPY,NB,2025-08-06
451074,V1192,2025-08-06,1000,PUR3,G01,GBP,NB,2025-10-09
451075,V1069,2025-08-10,3000,PUR3,G03,GBP,FO,2025-08-05
451076,V1001,2025-07-26,1000,PUR2,G01,INR,FO,2025-05-17
451077,V1129,2025-06-14,2000,PUR2,G02,JPY,NB,2025-10-02
451078,V1131,2025-09-03,1000,PUR1,G01,USD,NB,2025-07-13
451079,V1113,2025-09-26,2000,PUR1,G02,EUR,FO,2025-10-11
451080,V1107,2025-08-27,3000,PUR1,G02,JPY,FO,2025-10-08
451081,V1157,2025-06-09,1000,PUR2,G03,INR,FO,2025-09-27
451082,V1197,2025-07-28,2000,PUR1,G03,EUR,NB,2025-07-08
451083,V1083,2025-06-22,3000,PUR1,G02,INR,FO,2025-05-08
451084,V1118,2025-06-24,1000,PUR3,G03,JPY,FO,2025-08-30
451085,V1139,2025-05-01,3000,PUR1,G03,JPY,FO,2025-05-19
451086,V1059,2025-08-08,3000,PUR1,G02,INR,NB,2025-07-27
451087,V1123,2025-05-07,2000,PUR2,G01,EUR,FO,2025-07-14
451088,V1064,2025-10-12,2000,PUR3,G02,USD,NB,2025-08-15
451089,V1051,2025-07-26,2000,PUR2,G03,JPY,NB,2025-04-21
451090,V1153,2025-05-09,3000,PUR1,G03,EUR,NB,2025-08-22
451091,V1077,2025-06-20,3000,PUR3,G03,JPY,NB,2025-08-29
451092,V1161,2025-08-23,1000,PUR3,G01,JPY,NB,2025-05-05
451093,V1003,2025-04-21,1000,PUR3,G01,GBP,NB,2025-08-20
451094,V1101,2025-08-16,2000,PUR3,G02,EUR,NB,2025-06-26
451095,V1048,2025-07-24,1000,PUR3,G03,USD,FO,2025-06-22
451096,V1039,2025-09-27,3000,PUR3,G02,INR,FO,2025-05-23
451097,V1110,2025-05-16,2000,PUR3,G01,JPY,NB,2025-05-29
451098,V1097,2025-06-10,3000,PUR3,G02,INR,NB,2025-05-01
451099,V1103,2025-06-27,1000,PUR3,G02,EUR,FO,2025-09-25
451100,V1196,2025-06-07,3000,PUR2,G03,EUR,NB,2025-05-19
451101,V1182,2025-09-09,1000,PUR1,G03,EUR,NB,2025-09-19
451102,V1151,2025-06-13,2000,PUR3,G02,EUR,NB,2025-06-28
451103,V1189,2025-07-01,1000,PUR3,G02,EUR,FO,2025-07-14
451104,V1083,2025-09-06,1000,PUR3,G03,EUR,NB,2025-07-04
451105,V1060,2025-04-27,1000,PUR3,G02,EUR,NB,2025-09-27
451106,V1023,2025-08-06,3000,PUR3,G02,EUR,NB,2025-08-31
451107,V1116,2025-08-29,2000,PUR3,G02,INR,FO,2025-06-02
451108,V1097,2025-05-13,2000,PUR2,G02,EUR,NB,2025-05-31
451109,V1053,2025-06-30,1000,PUR2,G01,JPY,NB,2025-05-29
451110,V1140,2025-07-11,3000,PUR2,G01,EUR,FO,2025-06-30
451111,V1161,2025-08-03,3000,PUR3,G01,USD,NB,2025-09-20
451112,V1029,2025-09-17,2000,PUR1,G03,USD,FO,2025-05-31
451113,V1069,2025-09-15,3000,PUR3,G03,USD,FO,2025-09-13
451114,V1080,2025-05-26,3000,PUR1,G03,USD,NB,2025-07-24
451115,V1114,2025-06-04,2000,PUR2,G03,GBP,NB,2025-04-30
451116,V1023,2025-06-07,1000,PUR2,G01,INR,FO,2025-10-11
451117,V1137,2025-08-26,1000,PUR3,G02,EUR,FO,2025-09-08
451118,V1014,2025-07-09,2000,PUR2,G02,INR,FO,2025-06-07
451119,V1102,2025-09-13,2000,PUR2,G02,USD,FO,2025-08-07
451120,V1116,2025-08-05,3000,PUR3,G03,INR,NB,2025-09-17
451121,V1049,2025-09-04,1000,PUR1,G03,INR,FO,2025-09-20
451122,V1015,2025-07-21,1000,PUR3,G01,INR,FO,2025-10-05
451123,V1020,2025-09-18,2000,PUR1,G02,JPY,NB,2025-06-21
451124,V1103,2025-07-24,2000,PUR2,G03,USD,NB,2025-08-07
451125,V1051,2025-09-21,2000,PUR2,G01,EUR,NB,2025-10-02
451126,V1156,2025-06-03,3000,PUR3,G03,INR,FO,2025-10-13
451127,V1122,2025-04-30,3000,PUR3,G01,INR,NB,2025-08-20
451128,V1169,2025-04-23,1000,PUR1,G02,JPY,FO,2025-07-29
451129,V1120,2025-04-21,3000,PUR1,G03,INR,NB,2025-07-31
451130,V1137,2025-10-03,3000,PUR2,G01,EUR,FO,2025-09-30
451131,V1157,2025-05-03,2000,PUR3,G01,USD,FO,2025-05-10
451132,V1169,2025-04-21,3000,PUR1,G02,USD,NB,2025-06-30
451133,V1074,2025-09-23,1000,PUR2,G02,GBP,NB,2025-08-17
451134,V1001,2025-07-17,3000,PUR2,G02,EUR,NB,2025-07-01
451135,V1036,2025-08-19,3000,PUR3,G02,JPY,FO,2025-06-10
451136,V1097,2025-09-21,2000,PUR1,G02,EUR,FO,2025-08-12
451137,V1102,2025-09-30,3000,PUR1,G02,JPY,FO,2025-08-23
451138,V1194,2025-05-13,1000,PUR2,G03,USD,NB,2025-08-20
451139,V1054,2025-06-24,1000,PUR3,G03,JPY,NB,2025-08-03
451140,V1123,2025-05-18,2000,PUR1,G03,INR,FO,2025-06-05
451141,V1102,2025-07-12,2000,PUR3,G01,JPY,NB,2025-08-15
451142,V1139,2025-08-09,2000,PUR2,G02,GBP,NB,2025-10-05
451143,V1132,2025-10-12,2000,PUR3,G02,INR,NB,2025-10-10
451144,V1000,2025-10-05,3000,PUR2,G03,GBP,NB,2025-06-24
451145,V1065,2025-08-27,1000,PUR2,G01,USD,NB,2025-09-04
451146,V1151,2025-05-28,1000,PUR2,G02,USD,FO,2025-07-02
451147,V1136,2025-07-31,1000,PUR1,G03,EUR,FO,2025-07-28
451148,V1028,2025-09-06,1000,PUR1,G02,USD,NB,2025-06-09
451149,V1018,2025-05-17,1000,PUR1,G02,USD,FO,2025-06-16
451150,V1088,2025-09-11,1000,PUR2,G01,USD,FO,2025-08-04
451151,V1000,2025-06-01,2000,PUR2,G03,USD,FO,2025-07-26
451152,V1089,2025-06-03,3000,PUR3,G02,JPY,NB,2025-06-06
451153,V1016,2025-07-14,3000,PUR3,G02,JPY,NB,2025-05-07
451154,V1096,2025-10-11,2000,PUR3,G02,JPY,FO,2025-04-27
451155,V1076,2025-07-23,1000,PUR1,G03,EUR,NB,2025-07-13
451156,V1126,2025-05-20,3000,PUR1,G01,INR,NB,2025-07-26
451157,V1118,2025-08-09,1000,PUR1,G02,EUR,FO,2025-06-22
451158,V1073,2025-10-05,2000,PUR1,G02,JPY,NB,2025-08-15
451159,V1032,2025-09-09,1000,PUR3,G01,INR,NB,2025-06-29
451160,V1038,2025-06-30,2000,PUR2,G03,USD,NB,2025-08-16
451161,V1023,2025-05-31,2000,PUR3,G03,JPY,FO,2025-09-27
451162,V1038,2025-08-19,3000,PUR2,G02,INR,FO,2025-04-20
451163,V1096,2025-08-12,3000,PUR1,G01,INR,NB,2025-05-25
451164,V1194,2025-09-20,1000,PUR3,G01,USD,FO,2025-04-22
451165,V1119,2025-07-21,1000,PUR1,G03,INR,NB,2025-09-30
451166,V1060,2025-09-06,1000,PUR3,G03,JPY,FO,2025-08-17
451167,V1184,2025-07-21,2000,PUR2,G01,JPY,NB,2025-09-16
451168,V1071,2025-05-17,1000,PUR1,G03,EUR,NB,2025-09-08
451169,V1008,2025-05-25,3000,PUR1,G02,GBP,NB,2025-08-19
451170,V1086,2025-06-29,2000,PUR3,G02,JPY,NB,2025-07-02
451171,V1180,2025-08-05,3000,PUR1,G02,GBP,FO,2025-08-09
451172,V1107,2025-04-29,3000,PUR3,G01,JPY,NB,2025-04-27
451173,V1176,2025-09-19,3000,PUR2,G03,JPY,FO,2025-09-19
451174,V1161,2025-10-14,2000,PUR3,G03,JPY,FO,2025-06-05
451175,V1198,2025-08-11,3000,PUR3,G03,GBP,FO,2025-07-21
451176,V1169,2025-05-19,3000,PUR1,G02,USD,FO,2025-06-05
451177,V1048,2025-07-07,2000,PUR2,G01,JPY,NB,2025-06-29
451178,V1141,2025-08-10,2000,PUR1,G01,EUR,NB,2025-05-22
451179,V1112,2025-06-20,3000,PUR1,G03,JPY,FO,2025-05-02
451180,V1158,2025-07-31,2000,PUR3,G03,INR,NB,2025-07-30
451181,V1184,2025-06-18,2000,PUR3,G02,EUR,NB,2025-04-25
451182,V1185,2025-09-01,1000,PUR1,G02,EUR,FO,2025-09-27
451183,V1059,2025-05-13,1000,PUR1,G02,GBP,NB,2025-10-12
451184,V1059,2025-07-25,2000,PUR3,G01,EUR,FO,2025-05-29
451185,V1152,2025-04-18,3000,PUR1,G01,JPY,FO,2025-05-25
451186,V1167,2025-05-18,2000,PUR1,G01,EUR,NB,2025-09-12
451187,V1063,2025-06-17,1000,PUR1,G02,INR,NB,2025-06-28
451188,V1157,2025-05-29,1000,PUR3,G02,USD,FO,2025-05-09
451189,V1159,2025-06-08,3000,PUR2,G02,EUR,FO,2025-08-25
451190,V1073,2025-09-01,1000,PUR3,G01,JPY,NB,2025-08-02
451191,V1094,2025-07-07,3000,PUR1,G01,GBP,NB,2025-07-06
451192,V1017,2025-09-25,2000,PUR1,G02,JPY,NB,2025-07-19
451193,V1148,2025-09-21,3000,PUR2,G01,JPY,NB,2025-06-10
451194,V1132,2025-10-05,3000,PUR2,G03,EUR,NB,2025-05-13
451195,V1114,2025-09-14,2000,PUR2,G02,JPY,NB,2025-09-19
451196,V1138,2025-06-29,1000,PUR3,G02,INR,NB,2025-07-10
451197,V1197,2025-09-04,1000,PUR3,G02,JPY,FO,2025-08-05
451198,V1147,2025-09-08,3000,PUR3,G01,JPY,NB,2025-09-25
451199,V1083,2025-05-05,3000,PUR1,G02,EUR,NB,2025-06-12
451200,V1116,2025-09-21,1000,PUR1,G01,INR,FO,2025-07-05
451201,V1000,2025-06-11,3000,PUR2,G02,EUR,NB,2025-06-26
451202,V1014,2025-07-26,2000,PUR3,G03,GBP,NB,2025-10-03
451203,V1030,2025-08-09,3000,PUR1,G01,EUR,NB,2025-06-05
451204,V1048,2025-09-08,3000,PUR2,G01,INR,NB,2025-05-07
451205,V1145,2025-07-07,2000,PUR2,G01,EUR,NB,2025-04-26
451206,V1021,2025-09-08,3000,PUR1,G01,GBP,FO,2025-04-20
451207,V1012,2025-06-17,1000,PUR1,G03,EUR,NB,2025-06-02
451208,V1050,2025-07-11,3000,PUR1,G03,EUR,FO,2025-08-22
451209,V1187,2025-06-21,3000,PUR2,G03,USD,NB,2025-06-14
451210,V1025,2025-07-10,2000,PUR2,G02,EUR,NB,2025-04-29
451211,V1070,2025-10-06,1000,PUR3,G03,GBP,NB,2025-06-08
451212,V1071,2025-08-27,2000,PUR1,G01,JPY,NB,2025-04-24
451213,V1194,2025-07-24,3000,PUR1,G01,USD,FO,2025-08-29
451214,V1076,2025-05-21,2000,PUR2,G03,INR,FO,2025-07-27
451215,V1096,2025-06-01,3000,PUR3,G02,JPY,FO,2025-10-05
451216,V1059,2025-04-19,3000,PUR1,G02,JPY,NB,2025-04-24
451217,V1086,2025-05-09,1000,PUR2,G03,USD,FO,2025-05-02
451218,V1135,2025-05-24,1000,PUR2,G03,INR,FO,2025-05-20
451219,V1090,2025-06-22,1000,PUR1,G03,INR,NB,2025-09-29
451220,V1199,2025-06-10,2000,PUR3,G03,USD,FO,2025-07-29
451221,V1141,2025-10-09,2000,PUR2,G02,INR,NB,2025-09-16
451222,V1049,2025-05-04,2000,PUR2,G01,EUR,NB,2025-09-18
451223,V1073,2025-07-24,3000,PUR2,G02,USD,FO,2025-10-02
451224,V1077,2025-05-09,2000,PUR1,G03,USD,FO,2025-07-13
451225,V1040,2025-07-05,1000,PUR2,G03,GBP,FO,2025-08-01
451226,V1134,2025-04-19,1000,PUR3,G02,EUR,FO,2025-09-06
451227,V1147,2025-06-04,3000,PUR2,G01,GBP,NB,2025-06-01
451228,V1190,2025-05-02,1000,PUR3,G03,GBP,FO,2025-09-26
451229,V1105,2025-10-11,2000,PUR1,G03,USD,FO,2025-09-05
451230,V1125,2025-06-24,2000,PUR1,G02,GBP,NB,2025-05-03
451231,V1184,2025-05-23,1000,PUR1,G03,JPY,FO,2025-09-04
451232,V1114,2025-08-09,2000,PUR3,G03,INR,NB,2025-07-16
451233,V1169,2025-06-05,3000,PUR3,G01,USD,FO,2025-06-25
451234,V1071,2025-07-11,2000,PUR2,G03,JPY,NB,2025-06-06
451235,V1092,2025-04-30,3000,PUR3,G01,GBP,FO,2025-09-25
451236,V1135,2025-09-27,3000,PUR2,G01,INR,NB,2025-05-05
451237,V1180,2025-04-29,3000,PUR1,G03,JPY,FO,2025-08-31
451238,V1158,2025-08-07,1000,PUR3,G03,GBP,FO,2025-04-18
451239,V1074,2025-07-16,2000,PUR2,G01,GBP,NB,2025-08-05
451240,V1142,2025-07-26,3000,PUR1,G02,JPY,NB,2025-07-10
451241,V1046,2025-04-29,1000,PUR2,G03,JPY,FO,2025-06-28
451242,V1090,2025-05-18,1000,PUR1,G02,USD,FO,2025-07-21
451243,V1073,2025-05-31,1000,PUR2,G01,JPY,FO,2025-06-26
451244,V1077,2025-04-23,3000,PUR2,G02,EUR,NB,2025-06-27
451245,V1094,2025-09-17,3000,PUR1,G02,INR,FO,2025-05-16
451246,V1106,2025-08-26,2000,PUR2,G03,GBP,FO,2025-10-11
451247,V1170,2025-07-01,1000,PUR2,G03,USD,FO,2025-09-25
451248,V1115,2025-05-10,1000,PUR3,G03,GBP,NB,2025-07-01
451249,V1182,2025-08-17,3000,PUR3,G03,INR,FO,2025-07-25
451250,V1163,2025-10-09,3000,PUR3,G02,EUR,FO,2025-06-08
451251,V1080,2025-07-27,2000,PUR2,G01,JPY,NB,2025-09-09
451252,V1158,2025-07-10,1000,PUR3,G02,INR,NB,2025-08-28
451253,V1054,2025-07-06,1000,PUR2,G02,INR,NB,2025-06-07
451254,V1063,2025-06-02,2000,PUR3,G02,INR,NB,2025-05-02
451255,V1050,2025-09-02,3000,PUR1,G02,INR,NB,2025-08-19
451256,V1158,2025-10-10,2000,PUR2,G01,GBP,NB,2025-09-14
451257,V1062,2025-05-19,2000,PUR1,G03,INR,FO,2025-08-25
451258,V1011,2025-05-01,3000,PUR1,G02,INR,NB,2025-10-14
451259,V1080,2025-06-01,2000,PUR1,G02,INR,NB,2025-07-14
451260,V1013,2025-09-07,2000,PUR3,G02,INR,NB,2025-05-13
451261,V1096,2025-07-26,1000,PUR2,G02,USD,FO,2025-08-24
451262,V1164,2025-09-01,1000,PUR2,G01,EUR,NB,2025-08-17
451263,V1045,2025-08-22,3000,PUR3,G03,GBP,NB,2025-07-26
451264,V1165,2025-06-25,3000,PUR1,G01,GBP,NB,2025-07-14
451265,V1186,2025-08-21,3000,PUR2,G02,INR,NB,2025-08-31
451266,V1153,2025-06-07,2000,PUR3,G03,GBP,FO,2025-05-10
451267,V1107,2025-08-21,2000,PUR1,G01,EUR,NB,2025-10-01
451268,V1107,2025-08-05,2000,PUR3,G01,USD,FO,2025-05-11
451269,V1098,2025-08-17,2000,PUR3,G01,GBP,NB,2025-10-02
451270,V1031,2025-09-26,2000,PUR1,G03,EUR,FO,2025-07-24
451271,V1075,2025-05-05,2000,PUR3,G02,EUR,FO,2025-05-02
451272,V1049,2025-08-30,3000,PUR1,G03,EUR,FO,2025-06-18
451273,V1011,2025-07-13,2000,PUR2,G03,INR,NB,2025-09-17
451274,V1050,2025-08-06,3000,PUR3,G01,INR,NB,2025-10-07
451275,V1183,2025-09-15,1000,PUR3,G03,USD,NB,2025-06-26
451276,V1017,2025-06-27,1000,PUR3,G02,INR,FO,2025-07-13
451277,V1048,2025-08-04,2000,PUR2,G02,EUR,FO,2025-09-18
451278,V1189,2025-09-13,3000,PUR3,G03,USD,FO,2025-05-31
451279,V1077,2025-07-18,2000,PUR3,G01,USD,NB,2025-09-30
451280,V1011,2025-09-09,1000,PUR1,G03,JPY,NB,2025-06-19
451281,V1003,2025-05-24,1000,PUR3,G03,JPY,NB,2025-08-24
451282,V1122,2025-08-22,2000,PUR2,G01,GBP,NB,2025-07-11
451283,V1197,2025-05-16,2000,PUR2,G03,USD,NB,2025-07-09
451284,V1151,2025-07-28,2000,PUR3,G01,GBP,FO,2025-07-10
451285,V1062,2025-09-14,2000,PUR2,G02,EUR,NB,2025-06-23
451286,V1125,2025-05-08,2000,PUR1,G03,GBP,FO,2025-10-10
451287,V1188,2025-09-24,2000,PUR1,G02,JPY,FO,2025-10-07
451288,V1070,2025-08-20,2000,PUR3,G03,GBP,NB,2025-06-29
451289,V1168,2025-08-12,1000,PUR2,G03,GBP,FO,2025-06-25
451290,V1170,2025-08-23,1000,PUR1,G01,EUR,NB,2025-08-05
451291,V1145,2025-09-16,1000,PUR1,G01,JPY,NB,2025-10-08
451292,V1135,2025-06-13,1000,PUR2,G02,JPY,NB,2025-09-03
451293,V1150,2025-05-27,2000,PUR1,G03,EUR,NB,2025-08-27
451294,V1106,2025-07-14,1000,PUR1,G02,EUR,NB,2025-08-10
451295,V1054,2025-06-01,1000,PUR3,G01,GBP,NB,2025-09-09
451296,V1167,2025-08-13,3000,PUR1,G03,INR,NB,2025-08-26
451297,V1102,2025-09-12,1000,PUR3,G03,INR,FO,2025-08-10
451298,V1112,2025-06-25,1000,PUR2,G02,EUR,NB,2025-08-11
451299,V1072,2025-05-13,1000,PUR2,G01,INR,NB,2025-06-19
451300,V1049,2025-06-10,1000,PUR1,G02,EUR,NB,2025-07-05
451301,V1156,2025-09-11,2000,PUR1,G02,GBP,FO,2025-10-11
451302,V1176,2025-07-22,1000,PUR1,G01,JPY,NB,2025-07-28
451303,V1029,2025-04-28,1000,PUR1,G03,GBP,NB,2025-06-28
451304,V1056,2025-06-20,2000,PUR2,G02,JPY,FO,2025-06-01
451305,V1110,2025-10-09,3000,PUR2,G01,JPY,NB,2025-08-02
451306,V1013,2025-05-29,2000,PUR1,G02,JPY,NB,2025-08-26
451307,V1180,2025-06-02,2000,PUR3,G02,GBP,FO,2025-05-28
451308,V1018,2025-04-20,3000,PUR3,G02,GBP,NB,2025-09-12
451309,V1164,2025-09-15,2000,PUR3,G01,EUR,NB,2025-06-12
451310,V1018,2025-05-30,2000,PUR2,G02,GBP,NB,2025-09-08
451311,V1036,2025-09-16,2000,PUR3,G01,JPY,NB,2025-05-21
451312,V1193,2025-04-26,3000,PUR1,G03,JPY,FO,2025-06-11
451313,V1047,2025-08-21,2000,PUR1,G01,USD,FO,2025-08-04
451314,V1126,2025-08-27,2000,PUR2,G01,USD,NB,2025-10-08
451315,V1072,2025-08-01,1000,PUR1,G02,JPY,NB,2025-09-21
451316,V1164,2025-07-25,1000,PUR3,G01,EUR,NB,2025-07-01
451317,V1080,2025-08-29,3000,PUR2,G02,USD,NB,2025-08-26
451318,V1192,2025-09-18,1000,PUR2,G03,GBP,NB,2025-05-10
451319,V1177,2025-07-29,2000,PUR2,G03,INR,FO,2025-06-02
451320,V1136,2025-10-06,2000,PUR3,G02,USD,NB,2025-08-07
451321,V1055,2025-05-28,3000,PUR3,G02,JPY,FO,2025-08-09
451322,V1177,2025-04-21,2000,PUR3,G01,GBP,NB,2025-07-31
451323,V1106,2025-05-09,1000,PUR3,G02,GBP,FO,2025-08-29
451324,V1042,2025-08-31,2000,PUR2,G01,JPY,FO,2025-07-19
451325,V1158,2025-07-20,2000,PUR2,G01,JPY,NB,2025-06-21
451326,V1161,2025-09-21,3000,PUR3,G02,USD,FO,2025-09-27
451327,V1105,2025-09-26,3000,PUR1,G02,JPY,FO,2025-10-10
451328,V1071,2025-08-22,3000,PUR2,G02,GBP,FO,2025-10-12
451329,V1122,2025-04-25,1000,PUR2,G03,INR,FO,2025-07-02
451330,V1082,2025-07-12,1000,PUR3,G03,INR,FO,2025-09-25
451331,V1048,2025-07-02,1000,PUR1,G02,INR,FO,2025-04-29
451332,V1051,2025-09-26,3000,PUR1,G03,JPY,FO,2025-07-29
451333,V1080,2025-09-18,3000,PUR3,G03,USD,NB,2025-08-04
451334,V1103,2025-06-29,3000,PUR3,G03,JPY,NB,2025-04-28
451335,V1116,2025-05-19,2000,PUR3,G03,JPY,NB,2025-07-06
451336,V1187,2025-06-25,1000,PUR2,G03,GBP,FO,2025-06-12
451337,V1149,2025-05-05,1000,PUR1,G01,GBP,NB,2025-08-08
451338,V1192,2025-08-17,1000,PUR1,G02,GBP,NB,2025-09-13
451339,V1042,2025-05-16,2000,PUR3,G01,INR,NB,2025-09-26
451340,V1132,2025-08-26,3000,PUR3,G02,JPY,NB,2025-09-05
451341,V1065,2025-08-17,2000,PUR2,G02,JPY,FO,2025-08-27
451342,V1103,2025-09-28,2000,PUR1,G01,JPY,NB,2025-05-20
451343,V1176,2025-08-05,1000,PUR2,G02,INR,NB,2025-06-18
451344,V1161,2025-09-12,2000,PUR2,G03,INR,FO,2025-04-26
451345,V1061,2025-09-22,1000,PUR3,G01,USD,NB,2025-04-25
451346,V1109,2025-07-08,2000,PUR2,G03,EUR,FO,2025-05-31
451347,V1003,2025-07-02,3000,PUR3,G01,INR,NB,2025-07-11
451348,V1014,2025-10-01,3000,PUR3,G03,EUR,FO,2025-05-14
451349,V1122,2025-06-28,2000,PUR1,G01,JPY,FO,2025-04-22
451350,V1150,2025-07-09,2000,PUR1,G01,USD,NB,2025-09-07
451351,V1183,2025-08-15,2000,PUR1,G03,GBP,NB,2025-08-12
451352,V1046,2025-05-20,1000,PUR1,G02,GBP,FO,2025-05-15
451353,V1125,2025-07-16,3000,PUR1,G03,USD,NB,2025-06-12
451354,V1087,2025-08-11,3000,PUR3,G03,JPY,NB,2025-10-12
451355,V1005,2025-07-04,2000,PUR3,G03,GBP,NB,2025-09-30
451356,V1173,2025-07-23,3000,PUR3,G01,EUR,FO,2025-06-26
451357,V1153,2025-05-22,3000,PUR3,G02,USD,FO,2025-04-21
451358,V1131,2025-07-04,3000,PUR1,G03,EUR,NB,2025-04-26
451359,V1016,2025-05-12,3000,PUR1,G03,EUR,FO,2025-08-06
451360,V1004,2025-08-21,2000,PUR2,G01,EUR,FO,2025-09-22
451361,V1031,2025-07-05,2000,PUR2,G01,EUR,NB,2025-08-30
451362,V1000,2025-05-17,2000,PUR1,G03,JPY,NB,2025-08-25
451363,V1074,2025-08-15,2000,PUR1,G02,GBP,NB,2025-05-25
451364,V1097,2025-07-07,1000,PUR1,G01,USD,FO,2025-07-05
451365,V1003,2025-06-21,3000,PUR2,G02,JPY,FO,2025-06-04
451366,V1026,2025-07-04,1000,PUR1,G02,GBP,FO,2025-10-01
451367,V1002,2025-09-21,1000,PUR3,G02,USD,NB,2025-06-01
451368,V1113,2025-10-01,1000,PUR1,G02,JPY,FO,2025-08-06
451369,V1174,2025-05-26,1000,PUR3,G03,GBP,NB,2025-07-16
451370,V1019,2025-07-31,1000,PUR3,G02,EUR,NB,2025-08-23
451371,V1007,2025-10-11,2000,PUR3,G01,USD,FO,2025-05-18
451372,V1016,2025-10-13,2000,PUR2,G01,EUR,NB,2025-04-19
451373,V1117,2025-05-29,3000,PUR1,G01,JPY,FO,2025-06-25
451374,V1195,2025-07-01,1000,PUR2,G02,GBP,NB,2025-09-27
451375,V1196,2025-09-01,3000,PUR3,G01,JPY,NB,2025-07-19
451376,V1191,2025-07-19,1000,PUR1,G01,EUR,NB,2025-06-30
451377,V1155,2025-09-10,2000,PUR2,G03,INR,FO,2025-08-24
451378,V1087,2025-06-05,2000,PUR1,G01,INR,FO,2025-06-09
451379,V1171,2025-05-23,2000,PUR3,G01,EUR,NB,2025-06-20
451380,V1148,2025-04-19,2000,PUR1,G01,GBP,NB,2025-08-18
451381,V1030,2025-06-04,1000,PUR3,G02,EUR,FO,2025-06-07
451382,V1096,2025-06-23,3000,PUR1,G01,USD,FO,2025-08-16
451383,V1037,2025-04-20,2000,PUR1,G03,GBP,NB,2025-06-08
451384,V1103,2025-05-19,1000,PUR2,G01,JPY,NB,2025-07-09
451385,V1157,2025-06-15,1000,PUR3,G03,GBP,NB,2025-08-30
451386,V1109,2025-05-25,2000,PUR3,G02,INR,NB,2025-08-14
451387,V1081,2025-08-13,3000,PUR3,G02,INR,NB,2025-07-16
451388,V1085,2025-08-07,1000,PUR3,G03,GBP,NB,2025-04-20
451389,V1015,2025-09-05,3000,PUR2,G03,USD,NB,2025-08-03
451390,V1114,2025-08-06,3000,PUR3,G01,GBP,NB,2025-06-21
451391,V1049,2025-07-26,3000,PUR1,G02,INR,NB,2025-08-06
451392,V1123,2025-09-05,2000,PUR1,G03,JPY,FO,2025-05-19
451393,V1167,2025-06-22,3000,PUR2,G02,USD,FO,2025-10-12
451394,V1177,2025-07-15,2000,PUR2,G01,GBP,FO,2025-07-01
451395,V1189,2025-09-07,1000,PUR1,G03,USD,FO,2025-06-19
451396,V1105,2025-05-19,2000,PUR2,G03,JPY,NB,2025-04-26
451397,V1158,2025-07-04,1000,PUR2,G01,INR,FO,2025-10-02
451398,V1150,2025-10-14,2000,PUR3,G02,INR,NB,2025-10-07
451399,V1043,2025-05-19,3000,PUR1,G01,INR,FO,2025-07-21
451400,V1193,2025-04-24,2000,PUR3,G03,GBP,NB,2025-05-21
451401,V1013,2025-07-30,3000,PUR2,G03,INR,NB,2025-05-17
451402,V1164,2025-09-06,3000,PUR3,G01,GBP,FO,2025-06-07
451403,V1080,2025-05-25,1000,PUR2,G01,INR,NB,2025-06-30
451404,V1128,2025-06-28,1000,PUR1,G03,USD,NB,2025-09-06
451405,V1129,2025-05-12,1000,PUR1,G02,GBP,FO,2025-09-06
451406,V1189,2025-07-06,3000,PUR3,G02,EUR,FO,2025-08-29
451407,V1028,2025-07-28,1000,PUR1,G01,EUR,NB,2025-09-16
451408,V1103,2025-07-21,3000,PUR3,G02,USD,NB,2025-08-09
451409,V1140,2025-07-30,2000,PUR2,G02,EUR,NB,2025-07-10
451410,V1002,2025-05-10,1000,PUR1,G03,GBP,FO,2025-05-25
451411,V1126,2025-07-08,2000,PUR3,G01,EUR,NB,2025-09-26
451412,V1046,2025-04-20,2000,PUR3,G01,EUR,NB,2025-09-08
451413,V1199,2025-08-06,3000,PUR2,G01,JPY,FO,2025-08-06
451414,V1068,2025-06-26,3000,PUR3,G02,GBP,FO,2025-07-05
451415,V1037,2025-08-30,1000,PUR2,G03,INR,NB,2025-09-03
451416,V1196,2025-06-04,2000,PUR3,G02,GBP,NB,2025-08-05
451417,V1024,2025-08-27,3000,PUR3,G03,JPY,FO,2025-06-14
451418,V1156,2025-08-18,1000,PUR1,G03,USD,FO,2025-06-10
451419,V1131,2025-06-28,1000,PUR3,G02,GBP,NB,2025-10-09
451420,V1065,2025-04-25,1000,PUR3,G01,GBP,FO,2025-05-07
451421,V1103,2025-10-11,2000,PUR1,G01,INR,NB,2025-08-08
451422,V1076,2025-07-17,3000,PUR1,G01,INR,FO,2025-04-28
451423,V1045,2025-06-27,2000,PUR1,G01,INR,NB,2025-05-14
451424,V1003,2025-09-16,1000,PUR2,G02,INR,NB,2025-05-17
451425,V1148,2025-06-24,3000,PUR1,G01,INR,FO,2025-09-15
451426,V1087,2025-09-09,2000,PUR1,G03,USD,FO,2025-04-18
451427,V1134,2025-08-16,3000,PUR1,G02,EUR,FO,2025-07-01
451428,V1091,2025-04-23,1000,PUR3,G02,JPY,NB,2025-06-24
451429,V1025,2025-09-06,3000,PUR3,G01,GBP,FO,2025-06-12
451430,V1086,2025-08-24,1000,PUR2,G02,JPY,NB,2025-10-01
451431,V1068,2025-06-23,3000,PUR3,G02,USD,FO,2025-06-25
451432,V1065,2025-09-15,1000,PUR3,G03,EUR,FO,2025-06-26
451433,V1032,2025-10-06,1000,PUR1,G02,JPY,FO,2025-04-23
451434,V1084,2025-05-21,1000,PUR2,G03,GBP,NB,2025-08-06
451435,V1158,2025-10-04,1000,PUR2,G03,INR,FO,2025-05-15
451436,V1050,2025-05-04,3000,PUR1,G01,EUR,FO,2025-05-31
451437,V1143,2025-07-23,1000,PUR3,G02,USD,NB,2025-09-22
451438,V1032,2025-09-09,2000,PUR2,G03,INR,FO,2025-09-11
451439,V1006,2025-10-05,2000,PUR1,G03,GBP,FO,2025-04-20
451440,V1118,2025-08-11,2000,PUR2,G03,EUR,NB,2025-07-07
451441,V1166,2025-05-01,1000,PUR2,G03,GBP,NB,2025-08-08
451442,V1020,2025-08-15,2000,PUR3,G02,GBP,FO,2025-09-07
451443,V1027,2025-09-30,2000,PUR2,G01,INR,FO,2025-09-22
451444,V1137,2025-07-25,1000,PUR2,G01,USD,NB,2025-07-01
451445,V1022,2025-08-01,2000,PUR2,G02,JPY,NB,2025-10-03
451446,V1135,2025-10-12,1000,PUR3,G02,GBP,FO,2025-05-30
451447,V1011,2025-07-27,1000,PUR1,G02,JPY,FO,2025-09-25
451448,V1188,2025-10-04,3000,PUR2,G03,USD,NB,2025-06-11
451449,V1134,2025-05-24,2000,PUR3,G01,INR,FO,2025-07-07
451450,V1061,2025-08-09,3000,PUR2,G01,GBP,NB,2025-08-17
451451,V1194,2025-05-23,2000,PUR1,G03,INR,NB,2025-04-27
451452,V1192,2025-10-12,1000,PUR2,G01,USD,FO,2025-08-26
451453,V1125,2025-06-06,2000,PUR3,G02,JPY,FO,2025-05-07
451454,V1067,2025-09-14,2000,PUR3,G02,USD,NB,2025-08-01
451455,V1125,2025-05-27,3000,PUR3,G01,USD,NB,2025-09-12
451456,V1087,2025-09-27,1000,PUR3,G03,EUR,NB,2025-06-14
451457,V1052,2025-06-19,1000,PUR3,G03,INR,NB,2025-10-14
451458,V1162,2025-05-11,2000,PUR1,G01,EUR,NB,2025-07-27
451459,V1152,2025-05-06,1000,PUR3,G03,USD,FO,2025-09-21
451460,V1011,2025-06-08,3000,PUR3,G02,GBP,FO,2025-06-20
451461,V1048,2025-07-31,1000,PUR1,G03,USD,FO,2025-06-01
451462,V1152,2025-09-13,1000,PUR2,G03,INR,NB,2025-08-18
451463,V1104,2025-07-28,2000,PUR2,G01,GBP,NB,2025-07-26
451464,V1050,2025-09-13,1000,PUR2,G03,JPY,NB,2025-07-30
451465,V1098,2025-04-26,2000,PUR2,G03,EUR,NB,2025-04-23
451466,V1034,2025-06-14,1000,PUR1,G02,USD,FO,2025-05-19
451467,V1049,2025-07-08,2000,PUR3,G03,JPY,NB,2025-04-19
451468,V1069,2025-08-25,3000,PUR2,G03,EUR,NB,2025-08-04
451469,V1122,2025-07-30,3000,PUR1,G02,INR,FO,2025-08-25
451470,V1164,2025-05-05,2000,PUR2,G01,USD,FO,2025-08-30
451471,V1161,2025-07-26,3000,PUR2,G03,USD,FO,2025-09-14
451472,V1145,2025-06-10,3000,PUR1,G03,USD,FO,2025-10-13
451473,V1047,2025-06-23,3000,PUR2,G02,USD,FO,2025-07-12
451474,V1078,2025-09-24,1000,PUR3,G01,GBP,FO,2025-09-26
451475,V1038,2025-05-21,1000,PUR2,G03,GBP,FO,2025-07-05
451476,V1150,2025-05-01,2000,PUR1,G02,INR,FO,2025-05-03
451477,V1058,2025-06-12,1000,PUR1,G02,INR,NB,2025-06-09
451478,V1061,2025-05-28,1000,PUR1,G02,INR,NB,2025-07-25
451479,V1073,2025-08-23,1000,PUR2,G02,INR,FO,2025-07-20
451480,V1001,2025-06-05,2000,PUR1,G01,GBP,NB,2025-07-31
451481,V1039,2025-05-13,3000,PUR3,G03,USD,FO,2025-05-12
451482,V1057,2025-07-20,1000,PUR3,G01,GBP,NB,2025-05-11
451483,V1076,2025-06-06,3000,PUR2,G02,GBP,FO,2025-08-12
451484,V1099,2025-07-30,1000,PUR1,G02,INR,FO,2025-04-19
451485,V1035,2025-07-22,3000,PUR2,G03,INR,FO,2025-09-02
451486,V1196,2025-04-22,2000,PUR2,G01,EUR,FO,2025-06-27
451487,V1070,2025-07-16,1000,PUR2,G03,EUR,NB,2025-09-13
451488,V1180,2025-08-14,2000,PUR1,G01,JPY,NB,2025-07-09
451489,V1101,2025-08-29,3000,PUR3,G01,GBP,NB,2025-09-22
451490,V1128,2025-06-11,2000,PUR2,G03,INR,NB,2025-07-31
451491,V1109,2025-08-12,3000,PUR2,G03,GBP,NB,2025-04-21
451492,V1151,2025-07-26,1000,PUR3,G01,EUR,NB,2025-09-25
451493,V1135,2025-06-13,2000,PUR2,G02,INR,NB,2025-05-20
451494,V1000,2025-09-09,1000,PUR2,G03,JPY,FO,2025-07-19
451495,V1134,2025-06-10,2000,PUR1,G03,GBP,NB,2025-09-27
451496,V1041,2025-06-29,3000,PUR3,G02,JPY,FO,2025-10-03
451497,V1095,2025-09-26,1000,PUR1,G02,GBP,FO,2025-07-18
451498,V1042,2025-08-17,3000,PUR1,G02,EUR,NB,2025-04-21
451499,V1079,2025-05-08,1000,PUR1,G03,USD,FO,2025-06-29
451500,V1080,2025-07-20,1000,PUR1,G02,USD,FO,2025-05-14
451501,V1026,2025-09-27,2000,PUR1,G03,EUR,FO,2025-07-11
451502,V1184,2025-07-23,1000,PUR1,G03,USD,FO,2025-04-27
451503,V1018,2025-05-12,3000,PUR3,G03,USD,NB,2025-05-09
451504,V1197,2025-08-09,3000,PUR1,G03,EUR,FO,2025-07-15
451505,V1005,2025-04-22,3000,PUR2,G03,USD,NB,2025-04-25
451506,V1045,2025-07-13,1000,PUR2,G02,JPY,NB,2025-05-16
451507,V1037,2025-05-18,2000,PUR3,G01,JPY,FO,2025-05-08
451508,V1094,2025-10-11,1000,PUR1,G03,GBP,FO,2025-08-31
451509,V1031,2025-09-17,2000,PUR1,G03,EUR,NB,2025-08-22
451510,V1103,2025-08-17,2000,PUR3,G01,INR,NB,2025-10-08
451511,V1016,2025-07-25,3000,PUR1,G01,USD,NB,2025-09-01
451512,V1100,2025-05-09,3000,PUR2,G02,GBP,FO,2025-06-24
451513,V1127,2025-10-11,2000,PUR1,G02,USD,NB,2025-07-27
451514,V1168,2025-09-01,3000,PUR3,G01,EUR,FO,2025-07-09
451515,V1055,2025-09-05,2000,PUR3,G01,EUR,FO,2025-05-21
451516,V1054,2025-04-29,3000,PUR1,G02,USD,NB,2025-07-05
451517,V1063,2025-07-21,3000,PUR2,G02,GBP,FO,2025-05-09
451518,V1041,2025-08-29,2000,PUR3,G02,INR,NB,2025-05-05
451519,V1046,2025-06-09,3000,PUR2,G01,INR,NB,2025-08-28
451520,V1084,2025-08-29,1000,PUR1,G02,GBP,NB,2025-09-29
451521,V1013,2025-09-27,1000,PUR2,G01,USD,NB,2025-08-08
451522,V1185,2025-08-03,1000,PUR2,G01,JPY,FO,2025-06-18
451523,V1180,2025-07-09,3000,PUR2,G01,INR,NB,2025-08-18
451524,V1088,2025-08-02,2000,PUR2,G01,USD,NB,2025-06-14
451525,V1080,2025-08-07,3000,PUR2,G03,USD,FO,2025-05-07
451526,V1096,2025-08-30,3000,PUR1,G03,GBP,FO,2025-06-17
451527,V1168,2025-05-15,3000,PUR2,G03,EUR,NB,2025-09-30
451528,V1104,2025-05-11,1000,PUR3,G01,USD,FO,2025-06-11
451529,V1170,2025-10-10,2000,PUR1,G01,GBP,FO,2025-08-18
451530,V1119,2025-05-20,3000,PUR1,G02,INR,NB,2025-10-09
451531,V1139,2025-07-06,1000,PUR2,G01,EUR,FO,2025-08-18
451532,V1003,2025-06-23,1000,PUR2,G01,INR,NB,2025-08-19
451533,V1139,2025-07-08,1000,PUR1,G03,USD,FO,2025-08-06
451534,V1029,2025-09-08,1000,PUR3,G01,USD,NB,2025-05-17
451535,V1166,2025-07-05,2000,PUR1,G03,INR,FO,2025-07-03
451536,V1164,2025-08-02,3000,PUR2,G03,GBP,NB,2025-07-25
451537,V1127,2025-08-12,1000,PUR1,G02,INR,FO,2025-05-02
451538,V1158,2025-07-23,1000,PUR1,G01,JPY,FO,2025-06-10
451539,V1129,2025-07-05,3000,PUR1,G03,EUR,NB,2025-07-18
451540,V1089,2025-06-01,1000,PUR2,G02,USD,FO,2025-07-15
451541,V1133,2025-10-12,1000,PUR3,G02,JPY,FO,2025-06-18
451542,V1179,2025-06-20,3000,PUR2,G02,USD,FO,2025-09-23
451543,V1046,2025-05-05,2000,PUR1,G01,GBP,FO,2025-05-06
451544,V1150,2025-08-22,3000,PUR2,G02,EUR,NB,2025-10-08
451545,V1094,2025-08-15,2000,PUR3,G02,USD,NB,2025-06-29
451546,V1016,2025-06-18,3000,PUR2,G03,JPY,NB,2025-04-23
451547,V1127,2025-10-09,1000,PUR2,G03,INR,FO,2025-08-13
451548,V1021,2025-05-15,3000,PUR2,G02,INR,FO,2025-07-27
451549,V1144,2025-06-03,2000,PUR2,G03,INR,FO,2025-07-29
451550,V1174,2025-05-17,1000,PUR1,G02,EUR,NB,2025-07-12
451551,V1169,2025-08-27,1000,PUR2,G01,GBP,FO,2025-10-05
451552,V1066,2025-06-26,1000,PUR1,G01,GBP,NB,2025-06-18
451553,V1187,2025-05-04,1000,PUR3,G02,GBP,NB,2025-09-04
451554,V1158,2025-08-24,3000,PUR2,G02,USD,FO,2025-07-22
451555,V1103,2025-08-25,2000,PUR2,G02,EUR,NB,2025-08-04
451556,V1185,2025-08-24,3000,PUR2,G03,GBP,NB,2025-09-13
451557,V1148,2025-09-15,2000,PUR1,G02,EUR,NB,2025-05-25
451558,V1164,2025-06-08,1000,PUR3,G01,GBP,NB,2025-08-05
451559,V1093,2025-09-25,3000,PUR3,G03,USD,FO,2025-07-16
451560,V1000,2025-08-17,2000,PUR3,G01,JPY,FO,2025-09-20
451561,V1058,2025-06-24,3000,PUR2,G03,USD,NB,2025-10-10
451562,V1100,2025-09-25,1000,PUR2,G01,EUR,NB,2025-05-30
451563,V1148,2025-05-02,1000,PUR3,G02,USD,NB,2025-06-07
451564,V1044,2025-09-13,3000,PUR1,G01,INR,FO,2025-06-01
451565,V1024,2025-09-01,3000,PUR3,G02,GBP,FO,2025-04-22
451566,V1043,2025-10-07,2000,PUR3,G02,USD,FO,2025-06-27
451567,V1103,2025-07-08,2000,PUR2,G03,INR,NB,2025-05-03
451568,V1009,2025-05-28,2000,PUR2,G01,EUR,NB,2025-04-22
451569,V1189,2025-06-27,1000,PUR1,G03,JPY,NB,2025-07-25
451570,V1013,2025-10-13,2000,PUR2,G03,USD,NB,2025-04-19
451571,V1097,2025-06-18,2000,PUR2,G01,GBP,NB,2025-06-04
451572,V1092,2025-07-24,2000,PUR2,G01,JPY,FO,2025-05-03
451573,V1136,2025-06-25,3000,PUR2,G01,USD,NB,2025-05-01
451574,V1000,2025-07-11,3000,PUR1,G01,INR,FO,2025-05-03
451575,V1040,2025-08-24,2000,PUR3,G03,JPY,NB,2025-04-30
451576,V1050,2025-07-12,1000,PUR2,G01,JPY,NB,2025-04-19
451577,V1193,2025-05-19,2000,PUR3,G02,USD,NB,2025-08-30
451578,V1189,2025-06-19,1000,PUR1,G02,JPY,NB,2025-10-07
451579,V1017,2025-07-29,3000,PUR2,G02,EUR,NB,2025-04-22
451580,V1070,2025-04-18,1000,PUR1,G01,EUR,NB,2025-07-07
451581,V1048,2025-09-10,2000,PUR2,G03,EUR,FO,2025-07-06
451582,V1076,2025-06-03,2000,PUR3,G01,JPY,NB,2025-05-07
451583,V1099,2025-06-27,2000,PUR3,G02,JPY,FO,2025-09-12
451584,V1002,2025-05-18,2000,PUR1,G01,EUR,NB,2025-09-03
451585,V1186,2025-10-12,2000,PUR2,G02,EUR,NB,2025-05-22
451586,V1046,2025-06-25,2000,PUR1,G01,JPY,NB,2025-07-16
451587,V1126,2025-05-27,3000,PUR2,G01,USD,FO,2025-06-05
451588,V1048,2025-05-04,1000,PUR1,G02,INR,FO,2025-07-24
451589,V1015,2025-10-12,2000,PUR3,G03,GBP,FO,2025-08-12
451590,V1187,2025-05-20,2000,PUR1,G03,EUR,FO,2025-06-07
451591,V1011,2025-04-29,2000,PUR2,G01,EUR,NB,2025-08-17
451592,V1181,2025-08-07,3000,PUR3,G03,EUR,NB,2025-07-11
451593,V1122,2025-08-18,1000,PUR2,G01,USD,NB,2025-09-05
451594,V1000,2025-09-22,3000,PUR2,G01,INR,NB,2025-07-18
451595,V1097,2025-09-06,1000,PUR1,G03,USD,FO,2025-10-03
451596,V1115,2025-07-23,1000,PUR3,G03,JPY,FO,2025-07-02
451597,V1000,2025-09-16,2000,PUR1,G01,INR,FO,2025-06-07
451598,V1053,2025-05-28,1000,PUR3,G03,INR,FO,2025-05-19
451599,V1199,2025-09-01,2000,PUR2,G03,JPY,NB,2025-04-25
451600,V1140,2025-06-14,2000,PUR1,G02,INR,FO,2025-09-09
451601,V1012,2025-05-08,1000,PUR1,G01,EUR,NB,2025-10-06
451602,V1171,2025-07-30,3000,PUR2,G03,JPY,NB,2025-08-11
451603,V1077,2025-09-07,1000,PUR1,G03,GBP,FO,2025-05-30
451604,V1189,2025-06-17,1000,PUR3,G01,USD,FO,2025-08-22
451605,V1115,2025-05-22,1000,PUR1,G03,INR,NB,2025-06-10
451606,V1070,2025-08-28,3000,PUR1,G03,USD,FO,2025-04-19
451607,V1122,2025-05-15,3000,PUR2,G03,JPY,FO,2025-05-15
451608,V1153,2025-09-01,3000,PUR1,G02,USD,FO,2025-08-23
451609,V1175,2025-08-06,2000,PUR2,G02,GBP,FO,2025-07-07
451610,V1164,2025-07-24,1000,PUR1,G03,GBP,FO,2025-05-14
451611,V1052,2025-09-13,1000,PUR2,G02,INR,FO,2025-08-14
451612,V1148,2025-07-19,2000,PUR2,G02,EUR,FO,2025-04-19
451613,V1147,2025-09-14,2000,PUR2,G02,JPY,NB,2025-07-08
451614,V1155,2025-09-16,3000,PUR3,G03,EUR,FO,2025-07-10
451615,V1004,2025-07-05,1000,PUR2,G02,JPY,FO,2025-10-06
451616,V1071,2025-07-29,3000,PUR2,G01,JPY,NB,2025-08-28
451617,V1164,2025-06-21,2000,PUR1,G01,JPY,NB,2025-08-20
451618,V1070,2025-05-20,3000,PUR2,G01,USD,NB,2025-05-27
451619,V1068,2025-04-24,3000,PUR2,G02,GBP,NB,2025-06-05
451620,V1044,2025-08-21,3000,PUR3,G03,JPY,NB,2025-08-06
451621,V1002,2025-06-15,1000,PUR3,G01,JPY,FO,2025-06-07
451622,V1031,2025-09-04,2000,PUR2,G02,INR,NB,2025-06-21
451623,V1049,2025-06-11,1000,PUR2,G02,INR,NB,2025-08-10
451624,V1155,2025-05-18,2000,PUR2,G02,INR,NB,2025-04-20
451625,V1190,2025-04-20,2000,PUR3,G03,GBP,NB,2025-06-15
451626,V1044,2025-04-21,3000,PUR3,G02,JPY,NB,2025-05-11
451627,V1094,2025-07-02,3000,PUR1,G03,EUR,FO,2025-06-01
451628,V1125,2025-05-28,1000,PUR1,G03,USD,NB,2025-07-21
451629,V1087,2025-09-19,1000,PUR3,G01,INR,NB,2025-08-26
451630,V1131,2025-09-01,2000,PUR2,G03,USD,NB,2025-08-23
451631,V1057,2025-05-16,1000,PUR1,G01,EUR,FO,2025-09-30
451632,V1105,2025-05-15,2000,PUR3,G03,JPY,NB,2025-10-02
451633,V1040,2025-05-25,1000,PUR2,G02,INR,NB,2025-06-19
451634,V1093,2025-08-16,3000,PUR2,G02,GBP,FO,2025-08-17
451635,V1172,2025-10-11,1000,PUR2,G03,GBP,FO,2025-06-30
451636,V1149,2025-09-17,2000,PUR1,G01,JPY,FO,2025-05-11
451637,V1150,2025-08-02,3000,PUR2,G02,EUR,NB,2025-06-03
451638,V1078,2025-10-14,3000,PUR3,G01,EUR,NB,2025-05-14
451639,V1163,2025-07-29,2000,PUR3,G02,USD,NB,2025-09-03
451640,V1030,2025-08-18,2000,PUR2,G01,JPY,FO,2025-07-03
451641,V1071,2025-06-23,1000,PUR2,G03,EUR,NB,2025-10-04
451642,V1133,2025-08-09,3000,PUR3,G01,JPY,FO,2025-07-14
451643,V1085,2025-09-15,1000,PUR3,G02,GBP,NB,2025-08-01
451644,V1191,2025-09-05,2000,PUR3,G01,GBP,NB,2025-07-29
451645,V1162,2025-06-05,3000,PUR3,G02,INR,NB,2025-08-25
451646,V1071,2025-08-27,3000,PUR2,G01,GBP,FO,2025-06-07
451647,V1108,2025-06-27,2000,PUR3,G01,GBP,NB,2025-08-01
451648,V1124,2025-09-08,2000,PUR1,G02,JPY,NB,2025-09-19
451649,V1122,2025-09-26,2000,PUR3,G02,USD,NB,2025-09-09
451650,V1101,2025-04-27,3000,PUR3,G02,USD,NB,2025-06-26
451651,V1118,2025-06-06,1000,PUR2,G02,INR,NB,2025-07-25
451652,V1177,2025-05-16,2000,PUR1,G01,USD,FO,2025-09-22
451653,V1195,2025-07-01,1000,PUR3,G02,JPY,FO,2025-09-24
451654,V1184,2025-07-13,3000,PUR2,G03,EUR,NB,2025-08-02
451655,V1098,2025-07-26,1000,PUR2,G01,GBP,NB,2025-08-09
451656,V1054,2025-10-09,2000,PUR1,G03,JPY,FO,2025-09-07
451657,V1177,2025-09-06,2000,PUR3,G01,JPY,NB,2025-09-30
451658,V1109,2025-05-31,2000,PUR1,G03,EUR,NB,2025-05-10
451659,V1035,2025-06-02,2000,PUR2,G02,EUR,FO,2025-09-05
451660,V1038,2025-04-20,1000,PUR1,G01,EUR,FO,2025-10-10
451661,V1019,2025-09-13,2000,PUR3,G02,EUR,NB,2025-05-26
451662,V1075,2025-07-24,1000,PUR2,G01,USD,FO,2025-06-17
451663,V1038,2025-09-19,1000,PUR1,G03,JPY,FO,2025-07-26
451664,V1162,2025-08-29,3000,PUR2,G01,GBP,FO,2025-05-25
451665,V1096,2025-07-14,3000,PUR3,G02,EUR,NB,2025-09-07
451666,V1058,2025-08-19,1000,PUR2,G01,GBP,NB,2025-05-17
451667,V1175,2025-06-27,1000,PUR3,G03,EUR,NB,2025-07-03
451668,V1124,2025-08-08,1000,PUR2,G01,JPY,FO,2025-09-20
451669,V1150,2025-05-01,2000,PUR2,G03,INR,FO,2025-07-06
451670,V1158,2025-09-09,2000,PUR2,G02,EUR,NB,2025-04-29
451671,V1016,2025-08-05,1000,PUR3,G03,JPY,FO,2025-07-09
451672,V1077,2025-07-01,3000,PUR1,G01,JPY,FO,2025-09-20
451673,V1100,2025-05-21,3000,PUR1,G01,USD,NB,2025-08-06
451674,V1125,2025-08-20,1000,PUR3,G03,INR,FO,2025-07-10
451675,V1136,2025-08-23,3000,PUR3,G02,USD,NB,2025-05-14
451676,V1017,2025-05-09,3000,PUR2,G02,JPY,NB,2025-08-11
451677,V1083,2025-07-02,1000,PUR2,G02,GBP,FO,2025-09-01
451678,V1058,2025-09-07,3000,PUR1,G02,INR,FO,2025-07-30
451679,V1141,2025-09-30,3000,PUR2,G03,EUR,FO,2025-08-05
451680,V1087,2025-06-03,3000,PUR3,G02,USD,FO,2025-07-07
451681,V1124,2025-08-23,2000,PUR1,G01,JPY,FO,2025-08-03
451682,V1060,2025-09-05,1000,PUR1,G01,USD,NB,2025-06-16
451683,V1006,2025-04-28,1000,PUR2,G02,EUR,FO,2025-08-21
451684,V1114,2025-07-01,1000,PUR1,G02,USD,FO,2025-09-07
451685,V1080,2025-07-03,1000,PUR2,G02,JPY,FO,2025-08-13
451686,V1141,2025-05-05,2000,PUR1,G03,JPY,NB,2025-04-25
451687,V1182,2025-04-24,3000,PUR2,G01,JPY,NB,2025-06-17
451688,V1099,2025-07-09,1000,PUR3,G02,INR,NB,2025-05-03
451689,V1082,2025-06-05,3000,PUR3,G01,EUR,FO,2025-10-11
451690,V1115,2025-08-29,3000,PUR3,G01,USD,FO,2025-07-05
451691,V1184,2025-07-04,1000,PUR1,G01,INR,NB,2025-05-09
451692,V1174,2025-07-13,3000,PUR1,G01,USD,FO,2025-08-05
451693,V1048,2025-05-21,3000,PUR3,G02,GBP,FO,2025-09-21
451694,V1109,2025-09-30,2000,PUR1,G02,EUR,FO,2025-07-13
451695,V1015,2025-07-28,1000,PUR1,G03,INR,NB,2025-08-29
451696,V1126,2025-08-14,2000,PUR2,G03,INR,NB,2025-04-23
451697,V1139,2025-07-21,1000,PUR3,G02,USD,FO,2025-09-05
451698,V1017,2025-10-08,1000,PUR2,G03,USD,NB,2025-08-05
451699,V1030,2025-08-10,2000,PUR3,G02,USD,FO,2025-05-10
451700,V1189,2025-05-31,3000,PUR2,G01,JPY,NB,2025-06-15
451701,V1127,2025-05-05,3000,PUR1,G01,EUR,NB,2025-05-14
451702,V1196,2025-09-26,2000,PUR2,G01,EUR,FO,2025-06-23
451703,V1035,2025-08-20,2000,PUR1,G03,USD,NB,2025-05-24
451704,V1132,2025-08-12,1000,PUR3,G01,GBP,NB,2025-10-02
451705,V1199,2025-05-25,2000,PUR3,G03,INR,NB,2025-09-09
451706,V1111,2025-08-26,3000,PUR1,G03,EUR,NB,2025-09-24
451707,V1142,2025-05-15,2000,PUR1,G01,JPY,NB,2025-08-25
451708,V1140,2025-05-20,2000,PUR1,G01,EUR,NB,2025-08-10
451709,V1189,2025-06-05,1000,PUR3,G01,JPY,NB,2025-05-01
451710,V1078,2025-09-08,2000,PUR3,G03,INR,FO,2025-09-20
451711,V1026,2025-08-14,3000,PUR1,G03,EUR,FO,2025-10-10
451712,V1108,2025-09-19,3000,PUR1,G02,GBP,FO,2025-04-19
451713,V1188,2025-06-18,2000,PUR2,G03,INR,FO,2025-08-23
451714,V1181,2025-09-23,3000,PUR2,G03,GBP,NB,2025-08-03
451715,V1075,2025-05-10,2000,PUR2,G03,JPY,NB,2025-07-21
451716,V1064,2025-07-17,2000,PUR1,G02,USD,NB,2025-09-07
451717,V1032,2025-04-26,3000,PUR1,G03,GBP,FO,2025-06-09
451718,V1157,2025-05-27,1000,PUR1,G02,JPY,FO,2025-05-01
451719,V1021,2025-09-21,2000,PUR1,G03,GBP,NB,2025-06-11
451720,V1004,2025-07-31,3000,PUR1,G02,USD,NB,2025-08-25
451721,V1009,2025-08-10,1000,PUR1,G01,INR,FO,2025-07-07
451722,V1072,2025-04-27,2000,PUR2,G03,EUR,FO,2025-08-12
451723,V1030,2025-05-12,2000,PUR2,G03,USD,FO,2025-09-06
451724,V1029,2025-04-30,1000,PUR1,G01,USD,NB,2025-07-25
451725,V1124,2025-08-30,3000,PUR2,G03,JPY,NB,2025-10-03
451726,V1151,2025-04-22,3000,PUR1,G01,USD,FO,2025-08-18
451727,V1089,2025-09-08,3000,PUR2,G02,GBP,NB,2025-05-29
451728,V1177,2025-09-21,3000,PUR3,G02,EUR,NB,2025-06-22
451729,V1061,2025-07-22,2000,PUR1,G01,USD,NB,2025-07-16
451730,V1025,2025-10-03,2000,PUR3,G03,JPY,FO,2025-05-23
451731,V1120,2025-07-15,1000,PUR3,G01,EUR,FO,2025-05-07
451732,V1121,2025-08-29,3000,PUR1,G03,JPY,NB,2025-09-08
451733,V1194,2025-07-01,2000,PUR1,G03,INR,NB,2025-10-01
451734,V1031,2025-05-08,3000,PUR3,G02,EUR,FO,2025-07-02
451735,V1159,2025-05-08,1000,PUR2,G03,USD,FO,2025-07-08
451736,V1177,2025-08-15,2000,PUR3,G03,INR,NB,2025-08-30
451737,V1054,2025-08-04,3000,PUR3,G03,INR,NB,2025-06-21
451738,V1089,2025-04-25,2000,PUR2,G02,JPY,FO,2025-09-01
451739,V1147,2025-04-26,1000,PUR3,G02,GBP,NB,2025-07-01
451740,V1044,2025-06-11,1000,PUR3,G01,INR,NB,2025-06-10
451741,V1050,2025-10-13,3000,PUR1,G01,EUR,FO,2025-04-30
451742,V1074,2025-06-20,3000,PUR1,G01,INR,NB,2025-05-18
451743,V1064,2025-08-24,2000,PUR2,G02,INR,NB,2025-04-27
451744,V1035,2025-06-19,3000,PUR3,G03,USD,NB,2025-04-19
451745,V1030,2025-10-14,3000,PUR1,G02,USD,NB,2025-06-21
451746,V1071,2025-06-24,3000,PUR2,G01,JPY,NB,2025-07-20
451747,V1046,2025-09-26,1000,PUR3,G02,EUR,NB,2025-05-16
451748,V1063,2025-08-28,2000,PUR3,G03,JPY,NB,2025-05-31
451749,V1174,2025-10-10,2000,PUR3,G03,USD,NB,2025-04-26
451750,V1093,2025-08-22,3000,PUR3,G03,USD,FO,2025-09-03
451751,V1124,2025-08-06,1000,PUR2,G03,INR,FO,2025-06-09
451752,V1178,2025-05-05,1000,PUR3,G02,GBP,FO,2025-06-17
451753,V1020,2025-05-31,1000,PUR2,G01,JPY,NB,2025-05-21
451754,V1030,2025-05-08,2000,PUR2,G01,INR,NB,2025-09-03
451755,V1053,2025-07-21,3000,PUR2,G02,GBP,NB,2025-08-17
451756,V1191,2025-08-03,2000,PUR1,G02,USD,NB,2025-09-09
451757,V1125,2025-05-11,3000,PUR3,G02,GBP,NB,2025-05-17
451758,V1081,2025-05-07,3000,PUR2,G03,EUR,NB,2025-08-21
451759,V1040,2025-08-11,1000,PUR1,G02,GBP,FO,2025-07-15
451760,V1088,2025-10-08,1000,PUR2,G01,EUR,NB,2025-08-09
451761,V1188,2025-06-03,2000,PUR3,G02,USD,NB,2025-10-02
451762,V1083,2025-06-16,1000,PUR3,G02,INR,FO,2025-07-10
451763,V1169,2025-05-04,1000,PUR3,G01,GBP,NB,2025-09-01
451764,V1193,2025-06-13,2000,PUR3,G02,INR,FO,2025-07-05
451765,V1037,2025-07-02,2000,PUR3,G01,INR,NB,2025-08-09
451766,V1094,2025-10-11,2000,PUR2,G02,JPY,FO,2025-06-09
451767,V1014,2025-10-12,2000,PUR1,G01,USD,FO,2025-09-03
451768,V1088,2025-09-12,2000,PUR2,G03,EUR,FO,2025-04-24
451769,V1021,2025-08-23,3000,PUR1,G02,JPY,FO,2025-09-04
451770,V1108,2025-10-04,3000,PUR3,G03,EUR,NB,2025-08-28
451771,V1158,2025-04-26,1000,PUR1,G03,USD,NB,2025-10-02
451772,V1159,2025-04-24,2000,PUR2,G02,INR,NB,2025-05-28
451773,V1096,2025-07-01,3000,PUR3,G02,GBP,FO,2025-08-12
451774,V1015,2025-08-23,3000,PUR3,G02,JPY,NB,2025-06-17
451775,V1021,2025-10-12,1000,PUR3,G03,GBP,FO,2025-04-28
451776,V1111,2025-08-02,3000,PUR3,G02,JPY,FO,2025-09-09
451777,V1050,2025-05-09,3000,PUR2,G02,GBP,NB,2025-04-27
451778,V1068,2025-05-15,3000,PUR1,G02,EUR,FO,2025-07-22
451779,V1157,2025-05-18,1000,PUR3,G03,EUR,NB,2025-10-01
451780,V1082,2025-08-17,2000,PUR1,G01,INR,NB,2025-06-27
451781,V1136,2025-06-01,1000,PUR3,G01,GBP,NB,2025-07-13
451782,V1039,2025-04-28,1000,PUR3,G02,USD,NB,2025-07-23
451783,V1016,2025-07-20,1000,PUR3,G02,EUR,NB,2025-08-17
451784,V1068,2025-08-05,3000,PUR1,G03,EUR,NB,2025-06-17
451785,V1162,2025-08-29,2000,PUR3,G01,JPY,FO,2025-07-26
451786,V1028,2025-08-10,1000,PUR1,G03,EUR,FO,2025-09-06
451787,V1115,2025-07-19,2000,PUR2,G01,USD,NB,2025-08-05
451788,V1099,2025-08-02,3000,PUR3,G01,GBP,NB,2025-06-29
451789,V1009,2025-10-13,2000,PUR3,G02,JPY,NB,2025-07-24
451790,V1172,2025-07-30,1000,PUR3,G02,JPY,NB,2025-08-29
451791,V1145,2025-04-20,3000,PUR3,G02,EUR,FO,2025-07-22
451792,V1182,2025-07-17,3000,PUR2,G01,INR,NB,2025-05-15
451793,V1139,2025-08-15,3000,PUR3,G03,EUR,FO,2025-07-23
451794,V1005,2025-09-17,3000,PUR2,G02,GBP,FO,2025-06-14
451795,V1061,2025-08-19,3000,PUR1,G01,GBP,FO,2025-06-10
451796,V1091,2025-05-07,2000,PUR3,G03,INR,FO,2025-07-01
451797,V1097,2025-10-07,1000,PUR1,G01,GBP,FO,2025-05-14
451798,V1021,2025-05-20,2000,PUR2,G03,GBP,NB,2025-04-25
451799,V1121,2025-09-08,1000,PUR1,G02,JPY,NB,2025-07-01
451800,V1109,2025-06-29,1000,PUR3,G02,INR,FO,2025-08-01
451801,V1074,2025-07-31,3000,PUR1,G03,INR,FO,2025-08-17
451802,V1085,2025-06-09,3000,PUR1,G02,JPY,FO,2025-09-03
451803,V1070,2025-09-30,3000,PUR1,G01,USD,NB,2025-07-09
451804,V1189,2025-08-19,2000,PUR1,G03,GBP,NB,2025-05-05
451805,V1107,2025-08-17,1000,PUR3,G03,GBP,NB,2025-10-07
451806,V1046,2025-09-15,3000,PUR1,G03,INR,FO,2025-10-13
451807,V1019,2025-08-06,2000,PUR3,G02,JPY,FO,2025-05-31
451808,V1189,2025-07-06,3000,PUR2,G01,EUR,FO,2025-06-22
451809,V1178,2025-05-05,2000,PUR1,G03,GBP,FO,2025-09-15
451810,V1099,2025-10-13,1000,PUR3,G02,USD,FO,2025-06-23
451811,V1024,2025-07-30,2000,PUR2,G03,INR,NB,2025-05-05
451812,V1028,2025-09-17,1000,PUR1,G02,USD,NB,2025-07-17
451813,V1059,2025-06-16,1000,PUR2,G03,INR,FO,2025-10-04
451814,V1062,2025-04-22,3000,PUR2,G01,GBP,FO,2025-09-15
451815,V1172,2025-06-10,3000,PUR1,G02,INR,FO,2025-06-01
451816,V1114,2025-08-31,3000,PUR2,G03,INR,NB,2025-08-08
451817,V1021,2025-05-01,1000,PUR1,G03,USD,NB,2025-05-07
451818,V1078,2025-06-23,3000,PUR2,G01,JPY,FO,2025-09-27
451819,V1068,2025-07-28,1000,PUR3,G02,INR,NB,2025-08-10
451820,V1061,2025-05-15,3000,PUR2,G02,GBP,FO,2025-06-06
451821,V1142,2025-07-01,3000,PUR1,G02,EUR,NB,2025-04-22
451822,V1137,2025-08-13,1000,PUR1,G02,EUR,NB,2025-05-24
451823,V1119,2025-08-03,2000,PUR2,G02,USD,NB,2025-06-21
451824,V1149,2025-10-08,3000,PUR2,G03,USD,FO,2025-04-24
451825,V1037,2025-06-29,3000,PUR2,G02,JPY,NB,2025-06-18
451826,V1065,2025-05-18,3000,PUR2,G03,INR,NB,2025-09-12
451827,V1194,2025-04-21,2000,PUR1,G02,GBP,FO,2025-08-27
451828,V1062,2025-06-19,1000,PUR1,G03,JPY,FO,2025-06-23
451829,V1030,2025-08-03,1000,PUR2,G01,GBP,NB,2025-07-13
451830,V1163,2025-09-01,1000,PUR3,G02,GBP,NB,2025-06-07
451831,V1044,2025-04-24,3000,PUR2,G01,JPY,FO,2025-09-24
451832,V1184,2025-07-12,2000,PUR1,G03,JPY,FO,2025-09-10
451833,V1036,2025-06-13,3000,PUR3,G02,GBP,FO,2025-08-31
451834,V1121,2025-07-03,1000,PUR3,G01,GBP,FO,2025-05-09
451835,V1110,2025-09-12,2000,PUR1,G03,USD,FO,2025-07-31
451836,V1178,2025-10-11,1000,PUR3,G01,EUR,NB,2025-06-16
451837,V1133,2025-07-29,2000,PUR3,G03,JPY,FO,2025-08-05
451838,V1082,2025-09-18,2000,PUR2,G02,EUR,FO,2025-08-27
451839,V1127,2025-06-27,1000,PUR3,G02,GBP,FO,2025-08-14
451840,V1026,2025-08-31,3000,PUR1,G03,JPY,NB,2025-04-30
451841,V1018,2025-05-11,2000,PUR2,G02,JPY,NB,2025-10-10
451842,V1174,2025-05-18,3000,PUR1,G03,JPY,NB,2025-09-12
451843,V1126,2025-05-29,1000,PUR2,G02,EUR,FO,2025-10-08
451844,V1135,2025-05-09,3000,PUR3,G03,INR,NB,2025-06-05
451845,V1170,2025-10-11,2000,PUR3,G01,JPY,FO,2025-06-22
451846,V1133,2025-07-12,2000,PUR1,G02,INR,FO,2025-06-09
451847,V1139,2025-09-01,3000,PUR3,G03,INR,NB,2025-06-01
451848,V1048,2025-05-11,2000,PUR3,G03,GBP,FO,2025-08-25
451849,V1094,2025-04-23,2000,PUR2,G01,INR,FO,2025-07-12
451850,V1075,2025-05-16,3000,PUR3,G01,JPY,NB,2025-10-07
451851,V1050,2025-06-25,2000,PUR3,G01,JPY,FO,2025-06-18
451852,V1094,2025-07-23,3000,PUR2,G03,GBP,NB,2025-09-17
451853,V1155,2025-10-11,2000,PUR2,G01,EUR,NB,2025-08-10
451854,V1154,2025-06-22,3000,PUR3,G02,USD,FO,2025-05-20
451855,V1051,2025-05-22,1000,PUR2,G01,GBP,NB,2025-09-28
451856,V1010,2025-04-18,3000,PUR1,G02,GBP,NB,2025-07-16
451857,V1155,2025-05-11,2000,PUR1,G03,USD,FO,2025-09-29
451858,V1101,2025-06-18,3000,PUR1,G02,INR,FO,2025-05-23
451859,V1005,2025-04-25,2000,PUR2,G01,JPY,FO,2025-06-15
451860,V1077,2025-06-20,1000,PUR2,G01,INR,FO,2025-05-28
451861,V1167,2025-10-07,2000,PUR3,G01,INR,NB,2025-06-15
451862,V1116,2025-05-17,3000,PUR1,G02,EUR,FO,2025-04-24
451863,V1187,2025-08-11,1000,PUR2,G03,EUR,NB,2025-05-13
451864,V1177,2025-08-09,3000,PUR3,G02,EUR,NB,2025-07-27
451865,V1057,2025-10-03,3000,PUR2,G03,USD,FO,2025-04-23
451866,V1094,2025-07-02,2000,PUR1,G03,USD,NB,2025-05-01
451867,V1199,2025-07-11,2000,PUR1,G02,GBP,FO,2025-09-07
451868,V1068,2025-09-02,2000,PUR2,G03,INR,NB,2025-06-05
451869,V1072,2025-07-23,2000,PUR2,G03,JPY,NB,2025-08-24
451870,V1163,2025-08-27,2000,PUR1,G02,GBP,FO,2025-06-19
451871,V1181,2025-10-06,1000,PUR3,G03,EUR,FO,2025-05-30
451872,V1166,2025-07-25,1000,PUR2,G03,JPY,NB,2025-06-10
451873,V1064,2025-09-07,2000,PUR1,G02,GBP,FO,2025-08-24
451874,V1025,2025-05-23,2000,PUR1,G02,JPY,FO,2025-07-31
451875,V1028,2025-05-04,1000,PUR3,G03,USD,FO,2025-07-16
451876,V1164,2025-10-04,3000,PUR2,G02,EUR,FO,2025-06-06
451877,V1066,2025-09-09,3000,PUR3,G01,JPY,NB,2025-07-12
451878,V1000,2025-04-28,1000,PUR2,G01,INR,NB,2025-06-01
451879,V1064,2025-04-24,1000,PUR1,G03,INR,NB,2025-06-17
451880,V1184,2025-09-03,1000,PUR1,G03,GBP,NB,2025-06-01
451881,V1000,2025-07-12,1000,PUR3,G02,JPY,NB,2025-10-08
451882,V1062,2025-08-13,2000,PUR1,G02,INR,NB,2025-08-28
451883,V1131,2025-07-03,3000,PUR3,G03,EUR,NB,2025-06-15
451884,V1030,2025-07-05,2000,PUR1,G01,JPY,FO,2025-07-25
451885,V1031,2025-05-20,1000,PUR1,G03,GBP,NB,2025-05-22
451886,V1098,2025-09-28,1000,PUR2,G02,INR,NB,2025-05-06
451887,V1152,2025-06-28,1000,PUR2,G01,GBP,FO,2025-07-08
451888,V1111,2025-08-25,2000,PUR2,G01,EUR,NB,2025-07-06
451889,V1043,2025-06-18,3000,PUR3,G01,EUR,FO,2025-08-05
451890,V1080,2025-08-14,1000,PUR3,G03,JPY,NB,2025-07-19
451891,V1057,2025-07-16,1000,PUR3,G03,JPY,FO,2025-07-18
451892,V1000,2025-07-21,3000,PUR3,G02,USD,FO,2025-05-10
451893,V1189,2025-05-18,3000,PUR1,G01,INR,NB,2025-08-06
451894,V1058,2025-09-12,3000,PUR1,G03,USD,FO,2025-07-21
451895,V1002,2025-08-17,1000,PUR2,G02,EUR,FO,2025-04-22
451896,V1029,2025-09-16,2000,PUR3,G01,USD,FO,2025-08-18
451897,V1106,2025-08-02,3000,PUR3,G01,INR,NB,2025-09-15
451898,V1132,2025-06-16,3000,PUR2,G02,USD,FO,2025-05-28
451899,V1083,2025-08-25,3000,PUR2,G03,USD,FO,2025-06-30
451900,V1129,2025-05-09,1000,PUR1,G02,JPY,FO,2025-08-05
451901,V1120,2025-06-15,2000,PUR1,G02,GBP,FO,2025-06-28
451902,V1113,2025-06-13,2000,PUR3,G03,JPY,NB,2025-07-23
451903,V1185,2025-06-03,1000,PUR2,G03,GBP,FO,2025-09-08
451904,V1090,2025-08-19,1000,PUR2,G01,EUR,NB,2025-06-16
451905,V1176,2025-08-07,2000,PUR2,G01,JPY,FO,2025-09-07
451906,V1008,2025-10-03,1000,PUR3,G03,GBP,NB,2025-05-11
451907,V1161,2025-06-26,3000,PUR1,G01,GBP,FO,2025-09-09
451908,V1186,2025-09-23,2000,PUR2,G01,JPY,FO,2025-09-04
451909,V1038,2025-07-24,1000,PUR1,G01,JPY,FO,2025-09-15
451910,V1095,2025-07-23,2000,PUR3,G01,EUR,NB,2025-05-02
451911,V1090,2025-09-25,2000,PUR2,G03,GBP,NB,2025-07-19
451912,V1141,2025-07-11,3000,PUR2,G02,GBP,NB,2025-08-19
451913,V1124,2025-05-06,1000,PUR3,G03,INR,FO,2025-05-21
451914,V1058,2025-09-22,3000,PUR3,G01,JPY,NB,2025-04-29
451915,V1116,2025-08-21,3000,PUR3,G02,GBP,NB,2025-10-10
451916,V1071,2025-07-18,3000,PUR1,G03,EUR,NB,2025-05-12
451917,V1122,2025-07-01,3000,PUR2,G01,JPY,NB,2025-10-05
451918,V1139,2025-05-06,1000,PUR2,G02,INR,FO,2025-09-17
451919,V1043,2025-06-18,1000,PUR1,G01,GBP,FO,2025-09-09
451920,V1152,2025-09-18,1000,PUR2,G03,GBP,FO,2025-09-16
451921,V1157,2025-07-21,3000,PUR2,G01,USD,FO,2025-09-01
451922,V1014,2025-07-12,1000,PUR3,G02,EUR,FO,2025-06-01
451923,V1114,2025-08-04,1000,PUR3,G03,INR,NB,2025-06-12
451924,V1032,2025-07-17,3000,PUR2,G02,EUR,NB,2025-07-21
451925,V1169,2025-08-16,3000,PUR1,G03,EUR,NB,2025-10-14
451926,V1000,2025-06-01,2000,PUR2,G01,GBP,NB,2025-05-12
451927,V1077,2025-09-21,1000,PUR3,G02,JPY,FO,2025-08-08
451928,V1152,2025-05-20,2000,PUR3,G01,INR,FO,2025-09-29
451929,V1178,2025-09-18,2000,PUR3,G03,EUR,NB,2025-08-07
451930,V1013,2025-09-23,3000,PUR3,G02,INR,NB,2025-06-27
451931,V1180,2025-08-08,2000,PUR2,G02,EUR,FO,2025-07-09
451932,V1101,2025-05-06,2000,PUR2,G03,INR,FO,2025-06-07
451933,V1042,2025-08-22,3000,PUR2,G01,JPY,FO,2025-09-29
451934,V1166,2025-08-04,1000,PUR1,G03,GBP,NB,2025-05-13
451935,V1174,2025-05-11,2000,PUR2,G02,INR,FO,2025-09-29
451936,V1054,2025-08-14,1000,PUR2,G01,JPY,NB,2025-10-11
451937,V1025,2025-08-31,2000,PUR1,G02,USD,FO,2025-05-06
451938,V1125,2025-05-18,2000,PUR2,G02,EUR,FO,2025-05-26
451939,V1186,2025-05-30,3000,PUR3,G01,EUR,NB,2025-09-07
451940,V1016,2025-04-21,2000,PUR2,G03,USD,NB,2025-09-20
451941,V1034,2025-06-07,2000,PUR2,G01,INR,NB,2025-10-14
451942,V1060,2025-09-17,1000,PUR3,G01,GBP,NB,2025-06-03
451943,V1153,2025-08-11,1000,PUR3,G03,USD,NB,2025-04-26
451944,V1164,2025-05-30,2000,PUR2,G03,USD,FO,2025-08-31
451945,V1124,2025-06-17,2000,PUR1,G01,USD,FO,2025-06-01
451946,V1045,2025-06-30,3000,PUR1,G02,INR,NB,2025-06-06
451947,V1082,2025-09-16,2000,PUR3,G03,INR,NB,2025-05-15
451948,V1009,2025-05-26,1000,PUR2,G02,EUR,FO,2025-04-18
451949,V1055,2025-10-06,2000,PUR3,G01,JPY,NB,2025-10-14
451950,V1119,2025-10-13,1000,PUR3,G01,EUR,NB,2025-04-24
451951,V1154,2025-06-26,3000,PUR1,G03,INR,FO,2025-06-07
451952,V1023,2025-09-07,2000,PUR3,G01,GBP,FO,2025-09-08
451953,V1157,2025-06-24,2000,PUR2,G03,USD,NB,2025-07-05
451954,V1029,2025-08-12,3000,PUR3,G03,INR,NB,2025-09-09
451955,V1154,2025-08-05,1000,PUR1,G01,GBP,NB,2025-08-09
451956,V1035,2025-10-07,2000,PUR2,G03,JPY,FO,2025-09-10
451957,V1121,2025-07-22,1000,PUR1,G02,JPY,FO,2025-06-10
451958,V1149,2025-09-13,3000,PUR3,G01,GBP,FO,2025-09-11
451959,V1050,2025-06-17,1000,PUR3,G02,INR,NB,2025-07-17
451960,V1080,2025-04-26,2000,PUR3,G01,INR,FO,2025-07-03
451961,V1012,2025-10-01,2000,PUR2,G01,GBP,FO,2025-05-07
451962,V1117,2025-06-15,3000,PUR2,G03,INR,NB,2025-08-05
451963,V1046,2025-05-06,3000,PUR1,G01,EUR,FO,2025-10-14
451964,V1048,2025-08-24,1000,PUR2,G03,GBP,FO,2025-06-06
451965,V1180,2025-04-26,2000,PUR1,G02,JPY,FO,2025-04-27
451966,V1178,2025-09-19,2000,PUR2,G01,EUR,FO,2025-08-24
451967,V1114,2025-07-11,3000,PUR1,G02,USD,FO,2025-05-17
451968,V1099,2025-06-21,1000,PUR3,G01,USD,NB,2025-09-19
451969,V1161,2025-05-28,1000,PUR3,G02,EUR,FO,2025-05-20
451970,V1021,2025-08-01,2000,PUR1,G03,INR,NB,2025-07-01
451971,V1111,2025-04-19,3000,PUR2,G01,INR,NB,2025-05-25
451972,V1120,2025-07-10,3000,PUR3,G02,USD,FO,2025-07-05
451973,V1151,2025-07-10,2000,PUR3,G01,GBP,NB,2025-08-29
451974,V1036,2025-08-26,3000,PUR2,G01,JPY,NB,2025-04-28
451975,V1075,2025-04-27,1000,PUR3,G03,GBP,FO,2025-05-22
451976,V1000,2025-06-14,2000,PUR2,G03,EUR,FO,2025-08-06
451977,V1022,2025-07-08,1000,PUR2,G03,INR,FO,2025-08-17
451978,V1095,2025-05-04,3000,PUR2,G02,USD,NB,2025-07-24
451979,V1085,2025-08-03,3000,PUR2,G03,GBP,FO,2025-05-18
451980,V1032,2025-05-02,2000,PUR2,G01,GBP,FO,2025-04-18
451981,V1131,2025-10-08,1000,PUR1,G02,GBP,NB,2025-06-11
451982,V1067,2025-10-02,3000,PUR3,G01,GBP,FO,2025-08-18
451983,V1100,2025-05-09,1000,PUR2,G02,USD,FO,2025-10-09
451984,V1122,2025-09-06,1000,PUR1,G02,GBP,NB,2025-06-30
451985,V1191,2025-08-30,3000,PUR1,G03,EUR,NB,2025-05-23
451986,V1067,2025-05-31,3000,PUR3,G02,EUR,FO,2025-10-08
451987,V1074,2025-08-18,3000,PUR2,G01,INR,NB,2025-08-25
451988,V1189,2025-07-14,3000,PUR1,G03,INR,FO,2025-08-23
451989,V1090,2025-05-20,2000,PUR2,G02,USD,FO,2025-05-17
451990,V1131,2025-05-26,3000,PUR2,G02,EUR,FO,2025-09-05
451991,V1052,2025-07-16,2000,PUR1,G01,USD,NB,2025-09-15
451992,V1116,2025-07-27,2000,PUR2,G01,INR,FO,2025-06-14
451993,V1114,2025-04-19,3000,PUR2,G02,EUR,FO,2025-08-29
451994,V1150,2025-06-01,1000,PUR1,G02,EUR,NB,2025-09-05
451995,V1029,2025-08-15,2000,PUR1,G02,EUR,FO,2025-06-03
451996,V1080,2025-08-25,1000,PUR3,G01,GBP,FO,2025-08-28
451997,V1124,2025-07-30,1000,PUR1,G01,INR,FO,2025-05-02
451998,V1024,2025-06-03,1000,PUR2,G01,INR,FO,2025-06-17
451999,V1099,2025-06-08,2000,PUR2,G02,USD,FO,2025-06-11
