MBLNR,BUKRS,BUDAT,BLDAT,USNAM
502000,2000,2025-07-04,2025-07-04,Lindsay
502001,1000,2025-10-12,2025-10-12,Perry
502002,2000,2025-08-12,2025-08-12,Ryan
502003,2000,2025-07-06,2025-07-06,Holly
502004,2000,2025-06-22,2025-06-22,Nathaniel
502005,3000,2025-07-18,2025-07-18,Randy
502006,3000,2025-09-12,2025-09-12,Kenneth
502007,1000,2025-09-06,2025-09-06,Kyle
502008,2000,2025-09-01,2025-09-01,Edward
502009,2000,2025-07-31,2025-07-31,Kimberly
502010,2000,2025-09-18,2025-09-18,Nicholas
502011,1000,2025-08-07,2025-08-07,Frederick
502012,1000,2025-08-14,2025-08-14,Cheryl
502013,1000,2025-08-23,2025-08-23,Jacob
502014,2000,2025-09-10,2025-09-10,Anna
502015,3000,2025-08-27,2025-08-27,Rebecca
502016,2000,2025-08-09,2025-08-09,Kimberly
502017,3000,2025-08-28,2025-08-28,Bryan
502018,3000,2025-09-25,2025-09-25,Kevin
502019,2000,2025-07-24,2025-07-24,Lindsey
502020,2000,2025-09-19,2025-09-19,Jacqueline
502021,2000,2025-10-05,2025-10-05,Brendan
502022,2000,2025-10-01,2025-10-01,Franklin
502023,2000,2025-06-23,2025-06-23,Aaron
502024,3000,2025-06-30,2025-06-30,Angela
502025,3000,2025-07-07,2025-07-07,Amanda
502026,3000,2025-08-18,2025-08-18,Jamie
502027,1000,2025-07-01,2025-07-01,John
502028,3000,2025-09-04,2025-09-04,Zachary
502029,2000,2025-06-20,2025-06-20,April
502030,1000,2025-08-17,2025-08-17,Tim
502031,3000,2025-07-02,2025-07-02,Sharon
502032,1000,2025-08-17,2025-08-17,John
502033,3000,2025-07-29,2025-07-29,Austin
502034,2000,2025-09-02,2025-09-02,Allen
502035,2000,2025-06-25,2025-06-25,Patrick
502036,2000,2025-07-15,2025-07-15,Terri
502037,1000,2025-07-31,2025-07-31,Emily
502038,3000,2025-07-16,2025-07-16,Jeffrey
502039,3000,2025-09-10,2025-09-10,Ian
502040,3000,2025-10-05,2025-10-05,Sheena
502041,2000,2025-08-17,2025-08-17,Travis
502042,3000,2025-09-26,2025-09-26,Lori
502043,1000,2025-09-09,2025-09-09,Susan
502044,2000,2025-07-14,2025-07-14,Fred
502045,2000,2025-06-18,2025-06-18,Rachel
502046,3000,2025-09-11,2025-09-11,Jessica
502047,3000,2025-06-17,2025-06-17,Susan
502048,3000,2025-08-06,2025-08-06,John
502049,1000,2025-10-14,2025-10-14,Janet
502050,1000,2025-07-07,2025-07-07,Angela
502051,2000,2025-08-30,2025-08-30,Elaine
502052,2000,2025-09-22,2025-09-22,James
502053,3000,2025-07-16,2025-07-16,Jonathan
502054,1000,2025-07-25,2025-07-25,Christine
502055,2000,2025-10-11,2025-10-11,Michael
502056,2000,2025-07-12,2025-07-12,Julie
502057,1000,2025-07-15,2025-07-15,Donald
502058,3000,2025-08-26,2025-08-26,Matthew
502059,1000,2025-08-07,2025-08-07,Ann
502060,3000,2025-10-05,2025-10-05,Kelsey
502061,2000,2025-09-18,2025-09-18,Stephen
502062,1000,2025-10-02,2025-10-02,Amy
502063,2000,2025-07-15,2025-07-15,Jennifer
502064,3000,2025-09-23,2025-09-23,Richard
502065,1000,2025-07-12,2025-07-12,Loretta
502066,1000,2025-08-30,2025-08-30,Shari
502067,3000,2025-06-18,2025-06-18,Kristi
502068,2000,2025-07-05,2025-07-05,Andrew
502069,2000,2025-08-12,2025-08-12,Sean
502070,1000,2025-07-28,2025-07-28,Jessica
502071,2000,2025-06-22,2025-06-22,Julie
502072,2000,2025-09-06,2025-09-06,Sarah
502073,1000,2025-08-10,2025-08-10,Kimberly
502074,1000,2025-10-02,2025-10-02,Pam
502075,1000,2025-08-20,2025-08-20,Anthony
502076,3000,2025-10-10,2025-10-10,Derek
502077,1000,2025-09-04,2025-09-04,Andrew
502078,1000,2025-08-16,2025-08-16,Mark
502079,3000,2025-09-13,2025-09-13,Lisa
502080,1000,2025-09-21,2025-09-21,Elizabeth
502081,1000,2025-09-21,2025-09-21,Peter
502082,2000,2025-10-10,2025-10-10,Jamie
502083,2000,2025-09-17,2025-09-17,Shelby
502084,1000,2025-07-12,2025-07-12,Donald
502085,1000,2025-09-03,2025-09-03,Melinda
502086,1000,2025-09-02,2025-09-02,Tanner
502087,1000,2025-08-24,2025-08-24,Edward
502088,2000,2025-07-30,2025-07-30,Tara
502089,1000,2025-07-18,2025-07-18,Shelia
502090,2000,2025-06-21,2025-06-21,James
502091,1000,2025-09-21,2025-09-21,Jennifer
502092,1000,2025-09-01,2025-09-01,Jose
502093,3000,2025-08-23,2025-08-23,Sean
502094,2000,2025-08-18,2025-08-18,Robert
502095,3000,2025-10-11,2025-10-11,Kimberly
502096,2000,2025-06-27,2025-06-27,Jose
502097,3000,2025-09-11,2025-09-11,Tamara
502098,1000,2025-09-16,2025-09-16,Deanna
502099,1000,2025-09-05,2025-09-05,Michael
502100,1000,2025-07-20,2025-07-20,Catherine
502101,2000,2025-07-08,2025-07-08,Amy
502102,3000,2025-09-23,2025-09-23,Nicole
502103,1000,2025-07-08,2025-07-08,Alexis
502104,3000,2025-08-21,2025-08-21,Brian
502105,1000,2025-08-27,2025-08-27,Lauren
502106,1000,2025-08-07,2025-08-07,Joseph
502107,1000,2025-09-20,2025-09-20,Jessica
502108,3000,2025-07-22,2025-07-22,Brian
502109,2000,2025-08-16,2025-08-16,Matthew
502110,2000,2025-06-19,2025-06-19,Laura
502111,2000,2025-09-25,2025-09-25,Maria
502112,1000,2025-08-09,2025-08-09,Karen
502113,3000,2025-06-23,2025-06-23,Krystal
502114,2000,2025-06-25,2025-06-25,Lisa
502115,2000,2025-08-12,2025-08-12,Juan
502116,3000,2025-09-08,2025-09-08,Carol
502117,1000,2025-09-02,2025-09-02,Rhonda
502118,1000,2025-07-11,2025-07-11,Michael
502119,3000,2025-07-14,2025-07-14,William
502120,3000,2025-10-09,2025-10-09,Gregory
502121,2000,2025-08-02,2025-08-02,Suzanne
502122,1000,2025-10-07,2025-10-07,William
502123,1000,2025-10-07,2025-10-07,Donna
502124,3000,2025-09-14,2025-09-14,Ronnie
502125,3000,2025-09-18,2025-09-18,James
502126,2000,2025-09-18,2025-09-18,Betty
502127,1000,2025-10-09,2025-10-09,Matthew
502128,1000,2025-10-11,2025-10-11,Connie
502129,1000,2025-09-11,2025-09-11,Hannah
502130,3000,2025-09-05,2025-09-05,Joseph
502131,2000,2025-06-22,2025-06-22,Kayla
502132,3000,2025-07-07,2025-07-07,Gregory
502133,3000,2025-08-15,2025-08-15,Alexander
502134,1000,2025-09-28,2025-09-28,Kyle
502135,1000,2025-09-10,2025-09-10,Kyle
502136,2000,2025-06-20,2025-06-20,James
502137,2000,2025-08-02,2025-08-02,James
502138,3000,2025-09-05,2025-09-05,Donna
502139,2000,2025-09-16,2025-09-16,Jeremy
502140,2000,2025-07-29,2025-07-29,Nicole
502141,2000,2025-08-05,2025-08-05,Kevin
502142,2000,2025-09-13,2025-09-13,Jacqueline
502143,2000,2025-07-02,2025-07-02,Jose
502144,2000,2025-10-11,2025-10-11,Sarah
502145,3000,2025-06-20,2025-06-20,Latasha
502146,2000,2025-10-02,2025-10-02,Lisa
502147,3000,2025-07-23,2025-07-23,Hannah
502148,1000,2025-06-20,2025-06-20,Kevin
502149,1000,2025-08-29,2025-08-29,Eric
502150,3000,2025-10-11,2025-10-11,Maria
502151,1000,2025-09-27,2025-09-27,Heather
502152,1000,2025-07-22,2025-07-22,Abigail
502153,1000,2025-06-26,2025-06-26,Timothy
502154,3000,2025-06-28,2025-06-28,Greg
502155,2000,2025-09-02,2025-09-02,Julie
502156,3000,2025-08-28,2025-08-28,Lauren
502157,3000,2025-08-05,2025-08-05,William
502158,3000,2025-09-11,2025-09-11,Jamie
502159,2000,2025-08-28,2025-08-28,Whitney
502160,2000,2025-09-04,2025-09-04,John
502161,1000,2025-09-19,2025-09-19,Michael
502162,3000,2025-09-29,2025-09-29,Justin
502163,2000,2025-08-31,2025-08-31,Jennifer
502164,3000,2025-09-30,2025-09-30,Brittany
502165,3000,2025-10-04,2025-10-04,Elizabeth
502166,3000,2025-06-25,2025-06-25,Michelle
502167,1000,2025-10-05,2025-10-05,Christopher
502168,3000,2025-09-29,2025-09-29,Jessica
502169,1000,2025-08-15,2025-08-15,Seth
502170,1000,2025-06-17,2025-06-17,Johnathan
502171,1000,2025-06-28,2025-06-28,Brian
502172,3000,2025-06-19,2025-06-19,Ashley
502173,1000,2025-10-07,2025-10-07,Tanner
502174,3000,2025-07-08,2025-07-08,Savannah
502175,2000,2025-07-10,2025-07-10,Sara
502176,3000,2025-09-08,2025-09-08,Leah
502177,3000,2025-10-03,2025-10-03,Patrick
502178,2000,2025-10-01,2025-10-01,Lawrence
502179,2000,2025-06-24,2025-06-24,Jessica
502180,1000,2025-06-17,2025-06-17,Diane
502181,3000,2025-09-08,2025-09-08,Kelly
502182,3000,2025-09-22,2025-09-22,Brenda
502183,1000,2025-06-22,2025-06-22,Wesley
502184,2000,2025-08-31,2025-08-31,Cindy
502185,2000,2025-08-16,2025-08-16,Kayla
502186,2000,2025-09-24,2025-09-24,Rachel
502187,3000,2025-07-29,2025-07-29,Christine
502188,1000,2025-09-03,2025-09-03,Sandra
502189,1000,2025-09-18,2025-09-18,Cindy
502190,1000,2025-08-26,2025-08-26,David
502191,3000,2025-09-16,2025-09-16,Patrick
502192,1000,2025-08-10,2025-08-10,Regina
502193,2000,2025-08-04,2025-08-04,Brandon
502194,1000,2025-09-17,2025-09-17,Keith
502195,2000,2025-07-21,2025-07-21,Krista
502196,2000,2025-09-09,2025-09-09,Desiree
502197,2000,2025-07-19,2025-07-19,Richard
502198,1000,2025-09-12,2025-09-12,Antonio
502199,1000,2025-08-13,2025-08-13,Claire
502200,2000,2025-08-17,2025-08-17,Heather
502201,1000,2025-06-21,2025-06-21,Matthew
502202,3000,2025-08-28,2025-08-28,Francisco
502203,1000,2025-08-10,2025-08-10,Betty
502204,1000,2025-08-30,2025-08-30,George
502205,2000,2025-08-21,2025-08-21,Cathy
502206,1000,2025-10-05,2025-10-05,Allison
502207,1000,2025-09-26,2025-09-26,Mike
502208,2000,2025-09-01,2025-09-01,Alexa
502209,1000,2025-08-19,2025-08-19,Regina
502210,2000,2025-09-24,2025-09-24,Mark
502211,2000,2025-09-23,2025-09-23,Christopher
502212,1000,2025-10-12,2025-10-12,Alexander
502213,2000,2025-08-18,2025-08-18,William
502214,1000,2025-07-16,2025-07-16,Raymond
502215,1000,2025-07-13,2025-07-13,Ashley
502216,1000,2025-08-11,2025-08-11,Laura
502217,1000,2025-08-18,2025-08-18,Reginald
502218,1000,2025-06-29,2025-06-29,Theresa
502219,1000,2025-10-11,2025-10-11,Keith
502220,1000,2025-06-26,2025-06-26,Eric
502221,1000,2025-08-24,2025-08-24,Angela
502222,3000,2025-10-14,2025-10-14,Joshua
502223,2000,2025-06-25,2025-06-25,Eduardo
502224,1000,2025-07-03,2025-07-03,Matthew
502225,1000,2025-09-16,2025-09-16,Nancy
502226,1000,2025-10-10,2025-10-10,Brenda
502227,2000,2025-08-04,2025-08-04,Julie
502228,2000,2025-07-21,2025-07-21,Jennifer
502229,1000,2025-09-14,2025-09-14,Kristin
502230,3000,2025-08-14,2025-08-14,Brandon
502231,1000,2025-07-03,2025-07-03,Ashley
502232,3000,2025-10-01,2025-10-01,Kaitlyn
502233,1000,2025-08-09,2025-08-09,Amber
502234,1000,2025-09-11,2025-09-11,George
502235,1000,2025-10-08,2025-10-08,Jacob
502236,2000,2025-09-20,2025-09-20,Thomas
502237,3000,2025-08-17,2025-08-17,Crystal
502238,3000,2025-09-22,2025-09-22,Carol
502239,2000,2025-09-09,2025-09-09,James
502240,1000,2025-10-12,2025-10-12,Lynn
502241,1000,2025-08-04,2025-08-04,Megan
502242,1000,2025-09-29,2025-09-29,Jennifer
502243,3000,2025-06-20,2025-06-20,Gerald
502244,2000,2025-09-09,2025-09-09,Michelle
502245,3000,2025-09-18,2025-09-18,Debra
502246,1000,2025-07-15,2025-07-15,Nathan
502247,1000,2025-09-10,2025-09-10,Joshua
502248,2000,2025-07-07,2025-07-07,Nichole
502249,2000,2025-06-24,2025-06-24,Barbara
502250,1000,2025-09-08,2025-09-08,Dustin
502251,2000,2025-08-01,2025-08-01,Lucas
502252,1000,2025-09-06,2025-09-06,Jennifer
502253,1000,2025-09-14,2025-09-14,Stacey
502254,2000,2025-09-28,2025-09-28,Stacey
502255,3000,2025-09-17,2025-09-17,Alicia
502256,1000,2025-09-26,2025-09-26,Jessica
502257,1000,2025-10-09,2025-10-09,Jon
502258,3000,2025-07-04,2025-07-04,Sandra
502259,2000,2025-10-14,2025-10-14,Joshua
502260,3000,2025-07-21,2025-07-21,Christopher
502261,1000,2025-07-23,2025-07-23,Joseph
502262,3000,2025-09-28,2025-09-28,Eric
502263,2000,2025-09-08,2025-09-08,Brian
502264,1000,2025-09-26,2025-09-26,Nancy
502265,3000,2025-08-13,2025-08-13,Scott
502266,1000,2025-09-16,2025-09-16,Amy
502267,2000,2025-10-03,2025-10-03,Elizabeth
502268,1000,2025-09-07,2025-09-07,Gerald
502269,3000,2025-07-27,2025-07-27,Steven
502270,2000,2025-06-28,2025-06-28,Susan
502271,1000,2025-08-23,2025-08-23,Kelly
502272,3000,2025-07-22,2025-07-22,Alicia
502273,1000,2025-06-25,2025-06-25,Eddie
502274,1000,2025-10-09,2025-10-09,Matthew
502275,3000,2025-08-21,2025-08-21,Monica
502276,2000,2025-10-07,2025-10-07,Cynthia
502277,3000,2025-08-21,2025-08-21,Michelle
502278,1000,2025-09-07,2025-09-07,Rachael
502279,3000,2025-08-11,2025-08-11,William
502280,1000,2025-07-13,2025-07-13,Amanda
502281,3000,2025-08-15,2025-08-15,Jacob
502282,3000,2025-08-10,2025-08-10,Natasha
502283,2000,2025-10-07,2025-10-07,Cynthia
502284,2000,2025-08-20,2025-08-20,Robert
502285,2000,2025-10-11,2025-10-11,Desiree
502286,3000,2025-10-06,2025-10-06,Angela
502287,1000,2025-07-28,2025-07-28,Daniel
502288,1000,2025-06-17,2025-06-17,Kirsten
502289,1000,2025-06-25,2025-06-25,James
502290,3000,2025-08-05,2025-08-05,Donald
502291,3000,2025-10-02,2025-10-02,Michael
502292,2000,2025-07-12,2025-07-12,Thomas
502293,1000,2025-08-20,2025-08-20,Penny
502294,2000,2025-08-12,2025-08-12,Brittany
502295,1000,2025-09-21,2025-09-21,Brandon
502296,2000,2025-09-18,2025-09-18,Bethany
502297,2000,2025-09-12,2025-09-12,Jay
502298,3000,2025-08-16,2025-08-16,Tyler
502299,1000,2025-07-07,2025-07-07,Brandon
502300,1000,2025-10-03,2025-10-03,Carrie
502301,2000,2025-09-29,2025-09-29,Eric
502302,2000,2025-10-10,2025-10-10,Marc
502303,2000,2025-07-15,2025-07-15,Carlos
502304,2000,2025-06-30,2025-06-30,Hailey
502305,2000,2025-07-29,2025-07-29,Nathaniel
502306,2000,2025-07-14,2025-07-14,Aaron
502307,1000,2025-09-04,2025-09-04,Joyce
502308,3000,2025-09-14,2025-09-14,Marc
502309,2000,2025-08-26,2025-08-26,Reginald
502310,3000,2025-08-28,2025-08-28,Monica
502311,3000,2025-07-21,2025-07-21,Stefanie
502312,1000,2025-10-02,2025-10-02,Lauren
502313,3000,2025-09-18,2025-09-18,Katelyn
502314,2000,2025-08-03,2025-08-03,Gabriel
502315,1000,2025-07-06,2025-07-06,Teresa
502316,2000,2025-07-28,2025-07-28,Margaret
502317,3000,2025-09-14,2025-09-14,Melissa
502318,1000,2025-10-06,2025-10-06,James
502319,3000,2025-07-30,2025-07-30,Debbie
502320,1000,2025-07-13,2025-07-13,Cody
502321,1000,2025-09-15,2025-09-15,Timothy
502322,1000,2025-07-09,2025-07-09,Melissa
502323,1000,2025-09-24,2025-09-24,Daniel
502324,3000,2025-07-07,2025-07-07,Scott
502325,3000,2025-06-24,2025-06-24,Melissa
502326,2000,2025-10-03,2025-10-03,Johnny
502327,3000,2025-09-30,2025-09-30,Melissa
502328,2000,2025-10-12,2025-10-12,Roger
502329,3000,2025-07-04,2025-07-04,Michele
502330,2000,2025-08-11,2025-08-11,Claudia
502331,1000,2025-07-06,2025-07-06,Sergio
502332,2000,2025-10-13,2025-10-13,Victor
502333,3000,2025-07-04,2025-07-04,Erin
502334,2000,2025-06-26,2025-06-26,Isaac
502335,3000,2025-09-26,2025-09-26,Edwin
502336,1000,2025-09-04,2025-09-04,Tina
502337,2000,2025-09-16,2025-09-16,Allen
502338,2000,2025-07-16,2025-07-16,Donna
502339,3000,2025-10-11,2025-10-11,Kyle
502340,1000,2025-08-24,2025-08-24,Travis
502341,2000,2025-08-27,2025-08-27,Leah
502342,2000,2025-07-01,2025-07-01,Jill
502343,1000,2025-07-19,2025-07-19,Joseph
502344,2000,2025-08-14,2025-08-14,Vicki
502345,1000,2025-07-12,2025-07-12,Anthony
502346,2000,2025-06-24,2025-06-24,Amanda
502347,1000,2025-07-01,2025-07-01,Alyssa
502348,3000,2025-09-14,2025-09-14,Devin
502349,1000,2025-07-21,2025-07-21,Roger
502350,3000,2025-08-07,2025-08-07,Jeffrey
502351,2000,2025-07-28,2025-07-28,Paul
502352,3000,2025-07-10,2025-07-10,Morgan
502353,2000,2025-08-28,2025-08-28,Diana
502354,1000,2025-06-28,2025-06-28,Leslie
502355,2000,2025-10-03,2025-10-03,Jennifer
502356,3000,2025-09-17,2025-09-17,Christopher
502357,3000,2025-07-13,2025-07-13,John
502358,3000,2025-07-14,2025-07-14,Jennifer
502359,1000,2025-08-14,2025-08-14,Ronald
502360,1000,2025-07-21,2025-07-21,Nicole
502361,3000,2025-06-18,2025-06-18,Mary
502362,3000,2025-10-05,2025-10-05,Jason
502363,2000,2025-07-23,2025-07-23,Nicholas
502364,2000,2025-10-03,2025-10-03,Emma
502365,2000,2025-09-23,2025-09-23,Dustin
502366,3000,2025-07-11,2025-07-11,David
502367,3000,2025-07-17,2025-07-17,Samuel
502368,2000,2025-09-10,2025-09-10,Brianna
502369,1000,2025-07-22,2025-07-22,Joshua
502370,3000,2025-07-14,2025-07-14,Danielle
502371,2000,2025-09-15,2025-09-15,Andrea
502372,3000,2025-07-31,2025-07-31,William
502373,3000,2025-07-11,2025-07-11,Vicki
502374,3000,2025-10-03,2025-10-03,Monique
502375,1000,2025-08-29,2025-08-29,Bill
502376,1000,2025-06-28,2025-06-28,Laurie
502377,3000,2025-07-20,2025-07-20,Michael
502378,1000,2025-08-28,2025-08-28,Brittany
502379,1000,2025-10-08,2025-10-08,Scott
502380,2000,2025-07-18,2025-07-18,Jorge
502381,2000,2025-08-21,2025-08-21,Jonathan
502382,1000,2025-08-23,2025-08-23,Kelly
502383,3000,2025-08-03,2025-08-03,Samuel
502384,3000,2025-07-21,2025-07-21,Autumn
502385,1000,2025-07-09,2025-07-09,Anthony
502386,1000,2025-06-22,2025-06-22,Cynthia
502387,3000,2025-07-19,2025-07-19,Sherri
502388,3000,2025-07-15,2025-07-15,Ryan
502389,3000,2025-09-07,2025-09-07,Samantha
502390,2000,2025-09-17,2025-09-17,Kathryn
502391,3000,2025-09-14,2025-09-14,Karen
502392,1000,2025-09-25,2025-09-25,Jennifer
502393,2000,2025-07-02,2025-07-02,Amy
502394,2000,2025-07-15,2025-07-15,Samuel
502395,3000,2025-08-11,2025-08-11,Tammy
502396,2000,2025-07-13,2025-07-13,George
502397,3000,2025-08-08,2025-08-08,Mark
502398,2000,2025-07-25,2025-07-25,Justin
502399,3000,2025-09-27,2025-09-27,Erica
502400,3000,2025-09-21,2025-09-21,Diana
502401,1000,2025-06-25,2025-06-25,Michelle
502402,3000,2025-07-14,2025-07-14,Lauren
502403,2000,2025-10-06,2025-10-06,Kelly
502404,1000,2025-07-01,2025-07-01,Anna
502405,3000,2025-08-28,2025-08-28,Tara
502406,2000,2025-06-28,2025-06-28,Kenneth
502407,2000,2025-07-29,2025-07-29,Randy
502408,2000,2025-06-27,2025-06-27,Melinda
502409,1000,2025-06-23,2025-06-23,Michael
502410,3000,2025-08-31,2025-08-31,Tammy
502411,2000,2025-08-12,2025-08-12,Johnny
502412,1000,2025-07-04,2025-07-04,Bradley
502413,3000,2025-08-21,2025-08-21,Matthew
502414,2000,2025-08-30,2025-08-30,Matthew
502415,2000,2025-07-12,2025-07-12,Alexa
502416,2000,2025-09-02,2025-09-02,Matthew
502417,2000,2025-08-14,2025-08-14,Shannon
502418,2000,2025-08-31,2025-08-31,Lauren
502419,3000,2025-09-02,2025-09-02,Summer
502420,1000,2025-09-13,2025-09-13,Kathryn
502421,3000,2025-06-26,2025-06-26,Erik
502422,3000,2025-07-02,2025-07-02,Paul
502423,2000,2025-08-26,2025-08-26,Molly
502424,1000,2025-09-04,2025-09-04,Jonathan
502425,3000,2025-09-05,2025-09-05,Richard
502426,1000,2025-09-15,2025-09-15,Brent
502427,1000,2025-08-05,2025-08-05,Grace
502428,3000,2025-08-28,2025-08-28,Jeremy
502429,2000,2025-08-26,2025-08-26,Scott
502430,1000,2025-09-13,2025-09-13,John
502431,3000,2025-08-23,2025-08-23,Donald
502432,1000,2025-09-24,2025-09-24,Craig
502433,2000,2025-07-14,2025-07-14,Patrick
502434,1000,2025-08-07,2025-08-07,Sylvia
502435,1000,2025-08-31,2025-08-31,Brian
502436,1000,2025-07-10,2025-07-10,Jose
502437,2000,2025-06-25,2025-06-25,Suzanne
502438,2000,2025-09-26,2025-09-26,John
502439,3000,2025-06-21,2025-06-21,Daniel
502440,3000,2025-08-07,2025-08-07,Henry
502441,3000,2025-10-10,2025-10-10,James
502442,3000,2025-09-16,2025-09-16,Joshua
502443,2000,2025-07-11,2025-07-11,Jennifer
502444,2000,2025-08-09,2025-08-09,William
502445,3000,2025-10-14,2025-10-14,Kevin
502446,1000,2025-06-19,2025-06-19,Timothy
502447,2000,2025-08-27,2025-08-27,Steven
502448,3000,2025-09-10,2025-09-10,Gilbert
502449,3000,2025-06-17,2025-06-17,Patricia
502450,1000,2025-07-14,2025-07-14,Robert
502451,2000,2025-06-20,2025-06-20,Guy
502452,2000,2025-09-23,2025-09-23,Benjamin
502453,3000,2025-09-13,2025-09-13,Elizabeth
502454,3000,2025-09-26,2025-09-26,Deborah
502455,1000,2025-06-19,2025-06-19,Laura
502456,1000,2025-08-29,2025-08-29,Rhonda
502457,1000,2025-07-09,2025-07-09,Anne
502458,1000,2025-10-06,2025-10-06,Steven
502459,3000,2025-08-04,2025-08-04,Stephen
502460,1000,2025-08-22,2025-08-22,Patricia
502461,2000,2025-07-16,2025-07-16,Cathy
502462,2000,2025-08-07,2025-08-07,Donald
502463,2000,2025-10-05,2025-10-05,Elaine
502464,2000,2025-08-04,2025-08-04,Stacey
502465,3000,2025-10-08,2025-10-08,Rebecca
502466,1000,2025-09-14,2025-09-14,Christina
502467,2000,2025-09-18,2025-09-18,Gina
502468,1000,2025-08-21,2025-08-21,Gregory
502469,3000,2025-08-06,2025-08-06,Kimberly
502470,3000,2025-07-06,2025-07-06,Brandon
502471,2000,2025-06-25,2025-06-25,Gary
502472,2000,2025-10-02,2025-10-02,Cody
502473,2000,2025-10-09,2025-10-09,Mary
502474,1000,2025-09-10,2025-09-10,Denise
502475,3000,2025-07-29,2025-07-29,William
502476,3000,2025-08-08,2025-08-08,Pamela
502477,1000,2025-09-01,2025-09-01,Kelly
502478,3000,2025-09-30,2025-09-30,Andrea
502479,2000,2025-06-28,2025-06-28,David
502480,1000,2025-09-02,2025-09-02,Joe
502481,2000,2025-07-11,2025-07-11,Yolanda
502482,3000,2025-09-20,2025-09-20,Maurice
502483,3000,2025-09-18,2025-09-18,Adam
502484,1000,2025-10-12,2025-10-12,Nathan
502485,2000,2025-10-01,2025-10-01,Candace
502486,1000,2025-08-05,2025-08-05,Robert
502487,1000,2025-08-05,2025-08-05,Jermaine
502488,2000,2025-06-17,2025-06-17,Sarah
502489,3000,2025-07-08,2025-07-08,Kayla
502490,2000,2025-09-20,2025-09-20,Brenda
502491,2000,2025-09-28,2025-09-28,James
502492,2000,2025-06-25,2025-06-25,Jennifer
502493,3000,2025-07-31,2025-07-31,Robert
502494,1000,2025-07-04,2025-07-04,Alexis
502495,2000,2025-08-24,2025-08-24,David
502496,1000,2025-09-04,2025-09-04,Samantha
502497,2000,2025-09-07,2025-09-07,Austin
502498,1000,2025-07-28,2025-07-28,Ashley
502499,3000,2025-08-10,2025-08-10,Tammy
502500,2000,2025-07-15,2025-07-15,Rhonda
502501,3000,2025-09-24,2025-09-24,Debra
502502,1000,2025-07-14,2025-07-14,Carl
502503,2000,2025-06-25,2025-06-25,Olivia
502504,2000,2025-08-31,2025-08-31,Karen
502505,1000,2025-07-25,2025-07-25,David
502506,2000,2025-07-12,2025-07-12,Christopher
502507,3000,2025-08-22,2025-08-22,Joseph
502508,1000,2025-08-14,2025-08-14,Briana
502509,2000,2025-06-19,2025-06-19,Virginia
502510,2000,2025-06-27,2025-06-27,Brittany
502511,1000,2025-09-01,2025-09-01,Andrew
502512,2000,2025-10-01,2025-10-01,Lisa
502513,1000,2025-07-13,2025-07-13,Tracy
502514,1000,2025-07-01,2025-07-01,Sheri
502515,1000,2025-09-29,2025-09-29,Cody
502516,1000,2025-07-05,2025-07-05,Cole
502517,3000,2025-09-07,2025-09-07,Megan
502518,2000,2025-08-26,2025-08-26,Sandra
502519,1000,2025-07-07,2025-07-07,Theodore
502520,3000,2025-06-18,2025-06-18,Rachel
502521,3000,2025-10-09,2025-10-09,Ashley
502522,3000,2025-09-20,2025-09-20,Ryan
502523,2000,2025-08-20,2025-08-20,Wesley
502524,3000,2025-07-28,2025-07-28,Amanda
502525,3000,2025-09-21,2025-09-21,Connie
502526,3000,2025-08-29,2025-08-29,Aaron
502527,3000,2025-08-21,2025-08-21,Ryan
502528,1000,2025-07-24,2025-07-24,Ryan
502529,1000,2025-08-22,2025-08-22,Ronald
502530,1000,2025-09-09,2025-09-09,Amanda
502531,3000,2025-07-14,2025-07-14,Bradley
502532,3000,2025-09-05,2025-09-05,Barbara
502533,3000,2025-07-19,2025-07-19,Scott
502534,3000,2025-07-29,2025-07-29,Angela
502535,1000,2025-10-05,2025-10-05,Anthony
502536,2000,2025-08-17,2025-08-17,William
502537,1000,2025-10-05,2025-10-05,Margaret
502538,3000,2025-09-19,2025-09-19,Zachary
502539,2000,2025-10-13,2025-10-13,Lisa
502540,2000,2025-07-19,2025-07-19,Derek
502541,3000,2025-06-27,2025-06-27,Nathan
502542,3000,2025-07-10,2025-07-10,Edward
502543,2000,2025-09-03,2025-09-03,Jennifer
502544,2000,2025-08-22,2025-08-22,William
502545,2000,2025-08-13,2025-08-13,Scott
502546,3000,2025-09-27,2025-09-27,Ruth
502547,1000,2025-07-27,2025-07-27,Douglas
502548,3000,2025-06-19,2025-06-19,Timothy
502549,2000,2025-09-29,2025-09-29,Nichole
502550,2000,2025-09-16,2025-09-16,Johnny
502551,1000,2025-09-14,2025-09-14,Briana
502552,2000,2025-08-21,2025-08-21,Mark
502553,1000,2025-08-04,2025-08-04,Alexis
502554,3000,2025-07-28,2025-07-28,Jason
502555,2000,2025-07-15,2025-07-15,Melanie
502556,2000,2025-06-29,2025-06-29,Tonya
502557,2000,2025-08-14,2025-08-14,Bruce
502558,2000,2025-09-15,2025-09-15,Robin
502559,3000,2025-07-26,2025-07-26,Jacob
502560,1000,2025-07-25,2025-07-25,Anna
502561,2000,2025-07-13,2025-07-13,Nathaniel
502562,1000,2025-10-10,2025-10-10,Christina
502563,3000,2025-07-20,2025-07-20,Christopher
502564,3000,2025-07-05,2025-07-05,Wendy
502565,3000,2025-09-20,2025-09-20,Samuel
502566,1000,2025-08-22,2025-08-22,Jeffrey
502567,3000,2025-09-14,2025-09-14,Michael
502568,3000,2025-08-31,2025-08-31,Allison
502569,2000,2025-09-19,2025-09-19,Robert
502570,3000,2025-10-06,2025-10-06,Scott
502571,3000,2025-08-10,2025-08-10,Lee
502572,1000,2025-08-26,2025-08-26,Abigail
502573,2000,2025-09-18,2025-09-18,Ryan
502574,1000,2025-07-29,2025-07-29,Michelle
502575,2000,2025-08-19,2025-08-19,Michael
502576,1000,2025-08-03,2025-08-03,Patricia
502577,2000,2025-08-20,2025-08-20,Carla
502578,3000,2025-09-05,2025-09-05,Morgan
502579,3000,2025-06-29,2025-06-29,Christina
502580,2000,2025-07-06,2025-07-06,Jason
502581,3000,2025-08-19,2025-08-19,Robert
502582,2000,2025-10-03,2025-10-03,Christopher
502583,1000,2025-08-03,2025-08-03,Richard
502584,2000,2025-09-14,2025-09-14,Jessica
502585,1000,2025-07-24,2025-07-24,Christopher
502586,3000,2025-09-13,2025-09-13,Maria
502587,3000,2025-08-21,2025-08-21,Patricia
502588,3000,2025-09-15,2025-09-15,Richard
502589,1000,2025-07-09,2025-07-09,Steven
502590,1000,2025-07-23,2025-07-23,Connor
502591,2000,2025-09-21,2025-09-21,Megan
502592,3000,2025-07-07,2025-07-07,Gregory
502593,2000,2025-08-31,2025-08-31,Kevin
502594,3000,2025-07-14,2025-07-14,Sharon
502595,1000,2025-09-07,2025-09-07,Douglas
502596,3000,2025-07-21,2025-07-21,Tiffany
502597,2000,2025-10-02,2025-10-02,Taylor
502598,3000,2025-10-03,2025-10-03,Sarah
502599,1000,2025-08-31,2025-08-31,Melissa
502600,3000,2025-10-11,2025-10-11,Amber
502601,3000,2025-07-10,2025-07-10,Christine
502602,1000,2025-08-29,2025-08-29,Jeff
502603,3000,2025-07-31,2025-07-31,Allen
502604,2000,2025-09-02,2025-09-02,Erica
502605,3000,2025-06-25,2025-06-25,Joanna
502606,2000,2025-09-21,2025-09-21,Mitchell
502607,3000,2025-10-06,2025-10-06,Angela
502608,3000,2025-09-05,2025-09-05,John
502609,2000,2025-10-09,2025-10-09,Theresa
502610,2000,2025-08-12,2025-08-12,Laura
502611,2000,2025-09-16,2025-09-16,Benjamin
502612,3000,2025-08-10,2025-08-10,Melissa
502613,1000,2025-07-06,2025-07-06,Patricia
502614,2000,2025-07-06,2025-07-06,Brianna
502615,3000,2025-06-25,2025-06-25,Jeffery
502616,2000,2025-08-28,2025-08-28,Barbara
502617,1000,2025-07-30,2025-07-30,Troy
502618,2000,2025-08-23,2025-08-23,Ashley
502619,1000,2025-07-09,2025-07-09,Mark
502620,2000,2025-10-04,2025-10-04,Zoe
502621,1000,2025-10-10,2025-10-10,Wayne
502622,1000,2025-07-06,2025-07-06,John
502623,2000,2025-06-18,2025-06-18,Jessica
502624,3000,2025-09-24,2025-09-24,Shannon
502625,1000,2025-10-05,2025-10-05,Luis
502626,1000,2025-08-05,2025-08-05,Mario
502627,1000,2025-09-03,2025-09-03,Patricia
502628,3000,2025-08-20,2025-08-20,Sarah
502629,1000,2025-08-13,2025-08-13,Patrick
502630,3000,2025-08-11,2025-08-11,Lindsay
502631,3000,2025-07-02,2025-07-02,Dale
502632,2000,2025-10-09,2025-10-09,David
502633,2000,2025-09-29,2025-09-29,Nicholas
502634,2000,2025-06-19,2025-06-19,David
502635,1000,2025-08-16,2025-08-16,Thomas
502636,1000,2025-09-11,2025-09-11,Teresa
502637,1000,2025-07-11,2025-07-11,Nicole
502638,2000,2025-07-28,2025-07-28,Jacob
502639,2000,2025-06-18,2025-06-18,Brittany
502640,1000,2025-09-15,2025-09-15,Keith
502641,3000,2025-07-31,2025-07-31,Robert
502642,1000,2025-07-14,2025-07-14,Cody
502643,2000,2025-08-02,2025-08-02,Joseph
502644,1000,2025-06-17,2025-06-17,Michelle
502645,3000,2025-09-11,2025-09-11,Jillian
502646,2000,2025-06-23,2025-06-23,Jeremy
502647,3000,2025-08-31,2025-08-31,Joseph
502648,3000,2025-08-31,2025-08-31,Daniel
502649,1000,2025-07-27,2025-07-27,Chad
502650,1000,2025-07-08,2025-07-08,Tina
502651,2000,2025-09-10,2025-09-10,Austin
502652,2000,2025-10-14,2025-10-14,Collin
502653,1000,2025-07-02,2025-07-02,Stephen
502654,2000,2025-08-25,2025-08-25,Michael
502655,3000,2025-09-02,2025-09-02,Larry
502656,2000,2025-07-22,2025-07-22,Ryan
502657,3000,2025-07-14,2025-07-14,Jason
502658,3000,2025-09-12,2025-09-12,Chelsea
502659,3000,2025-07-18,2025-07-18,Michelle
502660,2000,2025-08-25,2025-08-25,Monica
502661,1000,2025-06-23,2025-06-23,Nicole
502662,2000,2025-09-25,2025-09-25,Jaclyn
502663,2000,2025-08-06,2025-08-06,Robert
502664,2000,2025-08-23,2025-08-23,Keith
502665,3000,2025-07-30,2025-07-30,Karen
502666,2000,2025-08-03,2025-08-03,Diane
502667,3000,2025-06-27,2025-06-27,Sarah
502668,1000,2025-08-18,2025-08-18,William
502669,3000,2025-07-16,2025-07-16,Thomas
502670,2000,2025-10-14,2025-10-14,Angela
502671,2000,2025-09-19,2025-09-19,Gregg
502672,1000,2025-09-01,2025-09-01,Todd
502673,1000,2025-08-14,2025-08-14,Samantha
502674,3000,2025-10-06,2025-10-06,William
502675,2000,2025-08-20,2025-08-20,Matthew
502676,2000,2025-06-19,2025-06-19,Brian
502677,1000,2025-07-12,2025-07-12,William
502678,3000,2025-07-18,2025-07-18,Brandon
502679,1000,2025-09-13,2025-09-13,Ryan
502680,3000,2025-10-09,2025-10-09,Lacey
502681,3000,2025-10-13,2025-10-13,Eric
502682,3000,2025-07-03,2025-07-03,Joseph
502683,2000,2025-07-13,2025-07-13,Edward
502684,3000,2025-10-05,2025-10-05,Erin
502685,1000,2025-08-18,2025-08-18,Crystal
502686,2000,2025-08-14,2025-08-14,Jacob
502687,3000,2025-09-05,2025-09-05,Lisa
502688,1000,2025-08-11,2025-08-11,Gregory
502689,3000,2025-10-09,2025-10-09,Larry
502690,2000,2025-07-23,2025-07-23,Elizabeth
502691,3000,2025-07-09,2025-07-09,Jeremy
502692,1000,2025-06-26,2025-06-26,Cheryl
502693,1000,2025-07-19,2025-07-19,Tiffany
502694,1000,2025-08-17,2025-08-17,Kimberly
502695,2000,2025-08-27,2025-08-27,Claudia
502696,2000,2025-08-19,2025-08-19,Jordan
502697,2000,2025-09-09,2025-09-09,Erin
502698,1000,2025-09-16,2025-09-16,Ashley
502699,3000,2025-06-20,2025-06-20,Doris
502700,3000,2025-09-21,2025-09-21,Kyle
502701,2000,2025-09-20,2025-09-20,Roy
502702,2000,2025-07-06,2025-07-06,Frank
502703,1000,2025-08-07,2025-08-07,Shannon
502704,2000,2025-09-13,2025-09-13,Mary
502705,2000,2025-06-17,2025-06-17,Joshua
502706,1000,2025-07-29,2025-07-29,Ellen
502707,2000,2025-06-27,2025-06-27,Xavier
502708,3000,2025-07-13,2025-07-13,Guy
502709,3000,2025-07-24,2025-07-24,Catherine
502710,3000,2025-09-19,2025-09-19,Sharon
502711,1000,2025-07-05,2025-07-05,Christine
502712,2000,2025-10-05,2025-10-05,Traci
502713,2000,2025-08-15,2025-08-15,John
502714,3000,2025-10-11,2025-10-11,Carol
502715,2000,2025-09-05,2025-09-05,Kevin
502716,3000,2025-09-30,2025-09-30,April
502717,2000,2025-10-04,2025-10-04,Matthew
502718,1000,2025-09-27,2025-09-27,Timothy
502719,3000,2025-06-25,2025-06-25,Tina
502720,2000,2025-10-05,2025-10-05,Kyle
502721,3000,2025-07-25,2025-07-25,Lauren
502722,2000,2025-09-17,2025-09-17,Benjamin
502723,2000,2025-09-27,2025-09-27,Jesse
502724,3000,2025-09-12,2025-09-12,Angel
502725,1000,2025-08-14,2025-08-14,Ronald
502726,1000,2025-07-27,2025-07-27,Sandra
502727,2000,2025-07-05,2025-07-05,Melissa
502728,1000,2025-06-19,2025-06-19,Zachary
502729,3000,2025-08-04,2025-08-04,Christopher
502730,1000,2025-06-24,2025-06-24,Joshua
502731,2000,2025-08-25,2025-08-25,Nicole
502732,1000,2025-09-29,2025-09-29,Herbert
502733,1000,2025-10-09,2025-10-09,Whitney
502734,3000,2025-07-13,2025-07-13,Deanna
502735,2000,2025-07-14,2025-07-14,Ralph
502736,2000,2025-09-21,2025-09-21,Monica
502737,2000,2025-07-18,2025-07-18,Audrey
502738,2000,2025-09-28,2025-09-28,Jill
502739,2000,2025-09-19,2025-09-19,Brandon
502740,3000,2025-09-23,2025-09-23,Ricky
502741,2000,2025-07-25,2025-07-25,Melissa
502742,1000,2025-09-03,2025-09-03,Shannon
502743,1000,2025-07-16,2025-07-16,Jeffrey
502744,2000,2025-08-30,2025-08-30,Sherry
502745,2000,2025-07-20,2025-07-20,Elizabeth
502746,3000,2025-08-08,2025-08-08,William
502747,1000,2025-08-01,2025-08-01,Dana
502748,2000,2025-09-05,2025-09-05,Vincent
502749,3000,2025-09-03,2025-09-03,Jason
502750,3000,2025-08-22,2025-08-22,Krystal
502751,2000,2025-09-14,2025-09-14,Alyssa
502752,1000,2025-08-30,2025-08-30,Heather
502753,3000,2025-09-22,2025-09-22,Rachel
502754,2000,2025-06-18,2025-06-18,Jessica
502755,2000,2025-09-13,2025-09-13,Gregory
502756,2000,2025-07-01,2025-07-01,Katrina
502757,3000,2025-07-05,2025-07-05,Rebecca
502758,2000,2025-09-07,2025-09-07,Joseph
502759,2000,2025-08-19,2025-08-19,Carla
502760,2000,2025-09-20,2025-09-20,Joseph
502761,2000,2025-08-20,2025-08-20,Robert
502762,2000,2025-06-26,2025-06-26,Joseph
502763,1000,2025-10-09,2025-10-09,Danny
502764,1000,2025-10-14,2025-10-14,Julie
502765,2000,2025-07-10,2025-07-10,Michael
502766,2000,2025-09-14,2025-09-14,Morgan
502767,3000,2025-09-29,2025-09-29,David
502768,3000,2025-07-11,2025-07-11,Valerie
502769,2000,2025-08-04,2025-08-04,Jamie
502770,1000,2025-07-28,2025-07-28,Justin
502771,1000,2025-08-02,2025-08-02,Cameron
502772,2000,2025-08-09,2025-08-09,Steven
502773,1000,2025-08-05,2025-08-05,Christopher
502774,1000,2025-08-12,2025-08-12,Christina
502775,3000,2025-09-23,2025-09-23,Mary
502776,3000,2025-10-01,2025-10-01,Norma
502777,3000,2025-06-29,2025-06-29,Sandra
502778,2000,2025-06-17,2025-06-17,Mark
502779,1000,2025-08-25,2025-08-25,Matthew
502780,1000,2025-10-02,2025-10-02,Debra
502781,2000,2025-10-14,2025-10-14,Jesse
502782,1000,2025-09-20,2025-09-20,Sergio
502783,3000,2025-10-01,2025-10-01,Jennifer
502784,1000,2025-09-24,2025-09-24,Jennifer
502785,1000,2025-08-16,2025-08-16,Michael
502786,2000,2025-07-15,2025-07-15,Crystal
502787,3000,2025-10-14,2025-10-14,Marissa
502788,2000,2025-09-06,2025-09-06,Amanda
502789,1000,2025-09-28,2025-09-28,Peggy
502790,1000,2025-07-27,2025-07-27,Peter
502791,3000,2025-09-25,2025-09-25,Christopher
502792,1000,2025-08-05,2025-08-05,Norma
502793,1000,2025-07-31,2025-07-31,Angela
502794,1000,2025-07-12,2025-07-12,Michael
502795,1000,2025-08-02,2025-08-02,Patricia
502796,1000,2025-09-09,2025-09-09,Ashley
502797,3000,2025-08-23,2025-08-23,Angela
502798,3000,2025-07-22,2025-07-22,Allen
502799,1000,2025-10-03,2025-10-03,Margaret
502800,2000,2025-08-20,2025-08-20,Karen
502801,2000,2025-07-19,2025-07-19,Robert
502802,3000,2025-09-28,2025-09-28,Andrea
502803,2000,2025-06-27,2025-06-27,Steven
502804,3000,2025-06-23,2025-06-23,Natalie
502805,1000,2025-06-20,2025-06-20,Nancy
502806,3000,2025-06-23,2025-06-23,Melody
502807,1000,2025-07-31,2025-07-31,Martin
502808,3000,2025-09-25,2025-09-25,Barbara
502809,3000,2025-09-01,2025-09-01,Danny
502810,1000,2025-09-04,2025-09-04,Jonathan
502811,2000,2025-08-14,2025-08-14,Jennifer
502812,1000,2025-06-27,2025-06-27,Jennifer
502813,1000,2025-10-11,2025-10-11,Alicia
502814,1000,2025-09-27,2025-09-27,Joseph
502815,3000,2025-08-18,2025-08-18,Erik
502816,1000,2025-08-20,2025-08-20,Karen
502817,3000,2025-10-13,2025-10-13,Gary
502818,1000,2025-09-19,2025-09-19,Amber
502819,1000,2025-08-17,2025-08-17,Crystal
502820,3000,2025-09-30,2025-09-30,Ashley
502821,2000,2025-06-17,2025-06-17,Brenda
502822,2000,2025-07-02,2025-07-02,Mark
502823,3000,2025-08-27,2025-08-27,Maria
502824,2000,2025-07-24,2025-07-24,Randy
502825,2000,2025-07-23,2025-07-23,Miguel
502826,1000,2025-07-07,2025-07-07,Alison
502827,3000,2025-06-27,2025-06-27,Tamara
502828,2000,2025-09-07,2025-09-07,Adam
502829,2000,2025-08-31,2025-08-31,Thomas
502830,1000,2025-07-17,2025-07-17,Craig
502831,1000,2025-06-23,2025-06-23,Jared
502832,2000,2025-09-08,2025-09-08,James
502833,2000,2025-08-05,2025-08-05,John
502834,1000,2025-09-20,2025-09-20,Anthony
502835,1000,2025-07-25,2025-07-25,Peter
502836,2000,2025-10-08,2025-10-08,Shawn
502837,3000,2025-09-06,2025-09-06,Timothy
502838,1000,2025-08-04,2025-08-04,Shannon
502839,2000,2025-08-28,2025-08-28,Joseph
502840,1000,2025-10-01,2025-10-01,Donna
502841,2000,2025-08-14,2025-08-14,Jessica
502842,1000,2025-09-30,2025-09-30,Melinda
502843,3000,2025-07-31,2025-07-31,Brittany
502844,2000,2025-09-27,2025-09-27,Nathan
502845,2000,2025-09-08,2025-09-08,James
502846,3000,2025-07-21,2025-07-21,James
502847,1000,2025-08-05,2025-08-05,Timothy
502848,2000,2025-06-22,2025-06-22,Ronald
502849,1000,2025-08-09,2025-08-09,Meghan
502850,1000,2025-07-27,2025-07-27,Raymond
502851,3000,2025-06-27,2025-06-27,Jeffrey
502852,2000,2025-09-06,2025-09-06,Christine
502853,3000,2025-09-19,2025-09-19,Amanda
502854,2000,2025-08-19,2025-08-19,Kathryn
502855,1000,2025-07-17,2025-07-17,Alexander
502856,3000,2025-09-24,2025-09-24,Sarah
502857,1000,2025-07-11,2025-07-11,Danielle
502858,2000,2025-08-26,2025-08-26,Deborah
502859,1000,2025-07-30,2025-07-30,Cody
502860,3000,2025-10-06,2025-10-06,Deborah
502861,1000,2025-07-19,2025-07-19,Jessica
502862,1000,2025-08-20,2025-08-20,Kara
502863,1000,2025-09-21,2025-09-21,Paul
502864,1000,2025-10-04,2025-10-04,Tyler
502865,2000,2025-10-02,2025-10-02,Michelle
502866,2000,2025-06-29,2025-06-29,Adam
502867,3000,2025-09-15,2025-09-15,Kirsten
502868,1000,2025-08-02,2025-08-02,Joseph
502869,3000,2025-08-01,2025-08-01,Cheryl
502870,3000,2025-10-06,2025-10-06,Ashley
502871,2000,2025-06-20,2025-06-20,Gina
502872,1000,2025-09-30,2025-09-30,Tanya
502873,1000,2025-09-05,2025-09-05,Jennifer
502874,1000,2025-06-25,2025-06-25,Seth
502875,2000,2025-07-29,2025-07-29,Alexandra
502876,2000,2025-06-21,2025-06-21,Amanda
502877,3000,2025-08-18,2025-08-18,David
502878,3000,2025-08-01,2025-08-01,Pamela
502879,3000,2025-07-09,2025-07-09,Charles
502880,1000,2025-08-11,2025-08-11,Stephanie
502881,3000,2025-10-03,2025-10-03,Erin
502882,3000,2025-06-27,2025-06-27,Katelyn
502883,3000,2025-10-01,2025-10-01,Jasmine
502884,1000,2025-08-07,2025-08-07,Laurie
502885,3000,2025-06-28,2025-06-28,Natalie
502886,1000,2025-06-30,2025-06-30,Paige
502887,1000,2025-08-23,2025-08-23,Autumn
502888,3000,2025-06-21,2025-06-21,Danielle
502889,3000,2025-09-14,2025-09-14,Michelle
502890,3000,2025-07-15,2025-07-15,Mark
502891,3000,2025-08-20,2025-08-20,Bobby
502892,2000,2025-07-29,2025-07-29,Gary
502893,1000,2025-08-11,2025-08-11,Daniel
502894,1000,2025-07-11,2025-07-11,Amanda
502895,1000,2025-08-11,2025-08-11,Amanda
502896,2000,2025-09-27,2025-09-27,Pamela
502897,2000,2025-06-27,2025-06-27,Eric
502898,1000,2025-07-08,2025-07-08,Kathryn
502899,1000,2025-09-18,2025-09-18,Eric
502900,1000,2025-07-06,2025-07-06,Jeffrey
502901,1000,2025-09-11,2025-09-11,Nancy
502902,3000,2025-07-23,2025-07-23,Monica
502903,3000,2025-09-20,2025-09-20,Heather
502904,2000,2025-09-24,2025-09-24,Ashley
502905,3000,2025-08-05,2025-08-05,Nicholas
502906,3000,2025-08-31,2025-08-31,Travis
502907,2000,2025-07-11,2025-07-11,Elizabeth
502908,3000,2025-07-25,2025-07-25,Kara
502909,3000,2025-07-13,2025-07-13,Courtney
502910,2000,2025-08-15,2025-08-15,Jason
502911,2000,2025-09-12,2025-09-12,Amy
502912,1000,2025-08-19,2025-08-19,Jennifer
502913,3000,2025-07-23,2025-07-23,Ashley
502914,1000,2025-06-23,2025-06-23,Vanessa
502915,1000,2025-07-04,2025-07-04,William
502916,3000,2025-07-05,2025-07-05,Russell
502917,2000,2025-07-29,2025-07-29,Laura
502918,2000,2025-06-18,2025-06-18,Wesley
502919,1000,2025-09-10,2025-09-10,Jamie
502920,3000,2025-06-28,2025-06-28,Jason
502921,3000,2025-07-09,2025-07-09,Bill
502922,3000,2025-06-26,2025-06-26,Lori
502923,3000,2025-10-06,2025-10-06,Megan
502924,2000,2025-06-24,2025-06-24,Sean
502925,1000,2025-09-01,2025-09-01,Ronald
502926,2000,2025-07-15,2025-07-15,Kelsey
502927,3000,2025-08-20,2025-08-20,Christopher
502928,1000,2025-06-26,2025-06-26,Maria
502929,3000,2025-07-08,2025-07-08,Anthony
502930,1000,2025-06-25,2025-06-25,Denise
502931,2000,2025-09-15,2025-09-15,Debbie
502932,1000,2025-09-20,2025-09-20,Mason
502933,3000,2025-08-25,2025-08-25,Frank
502934,1000,2025-08-29,2025-08-29,Christopher
502935,2000,2025-09-21,2025-09-21,Ashley
502936,1000,2025-09-29,2025-09-29,Marie
502937,2000,2025-07-22,2025-07-22,April
502938,1000,2025-07-12,2025-07-12,David
502939,3000,2025-06-24,2025-06-24,Ryan
502940,3000,2025-08-13,2025-08-13,Monica
502941,3000,2025-09-29,2025-09-29,Patricia
502942,1000,2025-10-11,2025-10-11,Amy
502943,1000,2025-08-16,2025-08-16,Jennifer
502944,3000,2025-09-26,2025-09-26,Melissa
502945,2000,2025-06-20,2025-06-20,Patrick
502946,1000,2025-09-10,2025-09-10,Melissa
502947,3000,2025-07-17,2025-07-17,James
502948,2000,2025-09-17,2025-09-17,Tina
502949,1000,2025-10-03,2025-10-03,Stephanie
502950,1000,2025-07-28,2025-07-28,Taylor
502951,2000,2025-06-17,2025-06-17,Jeffrey
502952,3000,2025-09-02,2025-09-02,Brian
502953,3000,2025-07-06,2025-07-06,Ruben
502954,1000,2025-09-28,2025-09-28,Thomas
502955,1000,2025-07-23,2025-07-23,Jared
502956,1000,2025-06-26,2025-06-26,Amber
502957,2000,2025-07-24,2025-07-24,Michael
502958,2000,2025-09-02,2025-09-02,Jennifer
502959,3000,2025-09-20,2025-09-20,Lori
502960,2000,2025-07-27,2025-07-27,Andrew
502961,3000,2025-09-25,2025-09-25,Elizabeth
502962,3000,2025-09-03,2025-09-03,Matthew
502963,1000,2025-08-12,2025-08-12,Sean
502964,1000,2025-08-10,2025-08-10,Rachel
502965,2000,2025-08-08,2025-08-08,Donald
502966,3000,2025-07-30,2025-07-30,Hayley
502967,1000,2025-06-20,2025-06-20,David
502968,3000,2025-07-17,2025-07-17,Thomas
502969,1000,2025-10-01,2025-10-01,Harold
502970,2000,2025-07-02,2025-07-02,Joseph
502971,3000,2025-07-27,2025-07-27,Albert
502972,1000,2025-06-17,2025-06-17,Michael
502973,3000,2025-06-18,2025-06-18,Amy
502974,1000,2025-08-24,2025-08-24,Jonathan
502975,2000,2025-07-06,2025-07-06,Jennifer
502976,2000,2025-07-22,2025-07-22,Caleb
502977,2000,2025-08-30,2025-08-30,Brittany
502978,1000,2025-10-03,2025-10-03,Brittney
502979,2000,2025-06-29,2025-06-29,Aaron
502980,3000,2025-08-04,2025-08-04,Karla
502981,3000,2025-07-14,2025-07-14,Sean
502982,3000,2025-06-25,2025-06-25,Bruce
502983,2000,2025-06-24,2025-06-24,Gina
502984,3000,2025-09-19,2025-09-19,Peter
502985,3000,2025-07-29,2025-07-29,Jacob
502986,1000,2025-09-20,2025-09-20,Margaret
502987,1000,2025-08-25,2025-08-25,Misty
502988,3000,2025-09-15,2025-09-15,Nicole
502989,2000,2025-09-08,2025-09-08,Kristin
502990,1000,2025-07-26,2025-07-26,Peter
502991,1000,2025-08-04,2025-08-04,Douglas
502992,3000,2025-09-20,2025-09-20,Anthony
502993,3000,2025-06-20,2025-06-20,Stephen
502994,2000,2025-07-22,2025-07-22,Kimberly
502995,1000,2025-08-18,2025-08-18,Scott
502996,1000,2025-08-02,2025-08-02,Patricia
502997,3000,2025-07-21,2025-07-21,Michelle
502998,1000,2025-10-09,2025-10-09,Linda
502999,3000,2025-08-19,2025-08-19,Sean
