BELNR,BUKRS,LIFNR,BLART,BUDAT,WAERS,GJAHR
512000,3000,V1090,KR,2025-09-01,USD,2025
512001,1000,V1104,KR,2025-09-05,INR,2025
512002,3000,V1152,PO,2025-09-01,EUR,2025
512003,3000,V1127,SA,2025-09-18,JPY,2025
512004,1000,V1023,KR,2025-08-24,EUR,2025
512005,2000,V1006,PO,2025-09-05,USD,2025
512006,1000,V1143,PO,2025-09-17,USD,2025
512007,1000,V1071,RE,2025-10-01,EUR,2025
512008,2000,V1119,RE,2025-08-22,USD,2025
512009,2000,V1138,PO,2025-08-28,INR,2025
512010,1000,V1058,SA,2025-09-09,EUR,2025
512011,1000,V1181,PO,2025-09-21,USD,2025
512012,1000,V1168,SA,2025-10-12,INR,2025
512013,2000,V1073,KR,2025-09-29,JPY,2025
512014,2000,V1183,RE,2025-09-04,INR,2025
512015,1000,V1143,KR,2025-09-12,INR,2025
512016,3000,V1126,SA,2025-09-10,GBP,2025
512017,3000,V1024,PO,2025-08-16,GBP,2025
512018,3000,V1182,PO,2025-09-22,USD,2025
512019,1000,V1115,RE,2025-10-13,GBP,2025
512020,2000,V1085,KR,2025-08-19,EUR,2025
512021,3000,V1166,SA,2025-08-27,INR,2025
512022,2000,V1127,RE,2025-10-10,GBP,2025
512023,2000,V1194,KR,2025-08-28,INR,2025
512024,3000,V1016,KR,2025-08-27,GBP,2025
512025,3000,V1087,KR,2025-09-09,INR,2025
512026,2000,V1105,KR,2025-08-26,GBP,2025
512027,1000,V1171,KR,2025-08-25,EUR,2025
512028,1000,V1103,PO,2025-08-27,INR,2025
512029,3000,V1094,SA,2025-08-22,GBP,2025
512030,1000,V1146,KR,2025-10-07,JPY,2025
512031,1000,V1117,RE,2025-09-11,EUR,2025
512032,3000,V1018,KR,2025-09-29,EUR,2025
512033,2000,V1044,RE,2025-10-04,EUR,2025
512034,2000,V1130,KR,2025-08-21,EUR,2025
512035,1000,V1100,SA,2025-10-07,JPY,2025
512036,2000,V1108,RE,2025-09-10,INR,2025
512037,2000,V1004,PO,2025-08-21,USD,2025
512038,2000,V1119,SA,2025-10-01,EUR,2025
512039,3000,V1122,RE,2025-08-16,JPY,2025
512040,1000,V1011,RE,2025-09-16,JPY,2025
512041,3000,V1107,PO,2025-10-07,EUR,2025
512042,3000,V1032,KR,2025-09-12,EUR,2025
512043,1000,V1122,KR,2025-09-02,GBP,2025
512044,1000,V1096,SA,2025-10-04,USD,2025
512045,2000,V1033,PO,2025-08-30,USD,2025
512046,3000,V1188,KR,2025-09-23,INR,2025
512047,3000,V1006,SA,2025-09-21,USD,2025
512048,3000,V1051,PO,2025-09-29,GBP,2025
512049,2000,V1145,KR,2025-09-26,EUR,2025
512050,3000,V1109,KR,2025-10-08,EUR,2025
512051,2000,V1120,KR,2025-08-27,GBP,2025
512052,2000,V1073,RE,2025-08-18,GBP,2025
512053,1000,V1029,RE,2025-10-11,GBP,2025
512054,3000,V1092,KR,2025-09-05,GBP,2025
512055,3000,V1187,PO,2025-10-09,GBP,2025
512056,1000,V1152,RE,2025-09-05,JPY,2025
512057,1000,V1017,RE,2025-09-11,GBP,2025
512058,1000,V1021,PO,2025-08-27,GBP,2025
512059,1000,V1172,PO,2025-10-08,JPY,2025
512060,1000,V1119,SA,2025-09-28,USD,2025
512061,1000,V1157,SA,2025-08-19,JPY,2025
512062,2000,V1180,RE,2025-09-30,GBP,2025
512063,1000,V1033,KR,2025-08-30,JPY,2025
512064,1000,V1020,KR,2025-10-05,GBP,2025
512065,1000,V1143,RE,2025-10-04,USD,2025
512066,2000,V1070,SA,2025-08-22,JPY,2025
512067,1000,V1120,PO,2025-08-25,USD,2025
512068,3000,V1133,RE,2025-09-02,EUR,2025
512069,1000,V1159,SA,2025-08-18,USD,2025
512070,1000,V1190,PO,2025-09-14,USD,2025
512071,3000,V1043,KR,2025-10-01,JPY,2025
512072,2000,V1153,KR,2025-08-18,EUR,2025
512073,2000,V1126,KR,2025-09-30,USD,2025
512074,2000,V1160,PO,2025-09-25,JPY,2025
512075,2000,V1111,KR,2025-08-30,USD,2025
512076,1000,V1071,KR,2025-09-08,USD,2025
512077,2000,V1184,KR,2025-08-22,EUR,2025
512078,3000,V1058,SA,2025-08-24,INR,2025
512079,2000,V1028,RE,2025-09-02,USD,2025
512080,2000,V1120,SA,2025-09-19,EUR,2025
512081,2000,V1075,KR,2025-09-25,USD,2025
512082,2000,V1167,KR,2025-09-07,GBP,2025
512083,1000,V1062,KR,2025-09-03,EUR,2025
512084,2000,V1193,SA,2025-08-21,INR,2025
512085,2000,V1089,SA,2025-08-26,INR,2025
512086,1000,V1099,SA,2025-09-11,JPY,2025
512087,1000,V1082,RE,2025-09-19,JPY,2025
512088,3000,V1019,PO,2025-09-28,EUR,2025
512089,3000,V1195,PO,2025-09-02,GBP,2025
512090,1000,V1180,PO,2025-10-04,USD,2025
512091,1000,V1050,SA,2025-08-22,JPY,2025
512092,2000,V1188,KR,2025-09-23,EUR,2025
512093,2000,V1123,SA,2025-09-06,EUR,2025
512094,3000,V1158,SA,2025-08-20,EUR,2025
512095,3000,V1056,PO,2025-09-28,USD,2025
512096,2000,V1060,RE,2025-10-10,INR,2025
512097,1000,V1018,PO,2025-08-25,USD,2025
512098,2000,V1144,SA,2025-09-19,JPY,2025
512099,3000,V1001,RE,2025-10-01,EUR,2025
512100,2000,V1131,PO,2025-09-11,USD,2025
512101,1000,V1097,KR,2025-09-09,INR,2025
512102,1000,V1029,SA,2025-09-05,EUR,2025
512103,2000,V1158,KR,2025-09-02,GBP,2025
512104,2000,V1176,RE,2025-08-26,EUR,2025
512105,2000,V1129,PO,2025-09-11,USD,2025
512106,2000,V1059,KR,2025-09-04,EUR,2025
512107,1000,V1044,RE,2025-10-08,USD,2025
512108,2000,V1023,RE,2025-10-03,GBP,2025
512109,3000,V1094,RE,2025-08-23,GBP,2025
512110,1000,V1004,PO,2025-09-21,INR,2025
512111,2000,V1172,SA,2025-09-26,JPY,2025
512112,1000,V1100,KR,2025-09-24,EUR,2025
512113,1000,V1181,RE,2025-09-29,EUR,2025
512114,1000,V1027,PO,2025-09-02,JPY,2025
512115,3000,V1075,RE,2025-09-30,EUR,2025
512116,2000,V1183,RE,2025-08-16,GBP,2025
512117,2000,V1130,PO,2025-09-24,INR,2025
512118,2000,V1158,PO,2025-09-02,EUR,2025
512119,1000,V1024,SA,2025-08-25,USD,2025
512120,1000,V1157,RE,2025-08-23,GBP,2025
512121,1000,V1144,KR,2025-08-27,USD,2025
512122,1000,V1101,SA,2025-09-21,INR,2025
512123,2000,V1128,SA,2025-08-23,JPY,2025
512124,3000,V1194,KR,2025-09-25,EUR,2025
512125,3000,V1077,KR,2025-10-12,EUR,2025
512126,2000,V1107,SA,2025-10-09,JPY,2025
512127,3000,V1052,SA,2025-09-16,EUR,2025
512128,2000,V1117,RE,2025-09-23,EUR,2025
512129,3000,V1091,PO,2025-10-11,EUR,2025
512130,1000,V1157,RE,2025-08-31,GBP,2025
512131,3000,V1058,KR,2025-09-05,INR,2025
512132,1000,V1108,PO,2025-08-22,USD,2025
512133,2000,V1166,RE,2025-09-28,EUR,2025
512134,3000,V1139,SA,2025-09-05,EUR,2025
512135,1000,V1033,RE,2025-10-02,JPY,2025
512136,3000,V1077,RE,2025-09-24,GBP,2025
512137,2000,V1135,KR,2025-08-30,INR,2025
512138,1000,V1148,SA,2025-08-28,JPY,2025
512139,3000,V1053,PO,2025-08-19,EUR,2025
512140,3000,V1016,PO,2025-09-30,INR,2025
512141,1000,V1103,SA,2025-09-27,EUR,2025
512142,1000,V1067,SA,2025-08-31,GBP,2025
512143,1000,V1167,RE,2025-08-25,USD,2025
512144,2000,V1060,SA,2025-09-08,INR,2025
512145,1000,V1010,PO,2025-08-22,INR,2025
512146,2000,V1161,KR,2025-08-19,GBP,2025
512147,1000,V1108,PO,2025-10-01,EUR,2025
512148,3000,V1064,RE,2025-09-05,GBP,2025
512149,1000,V1106,RE,2025-09-08,EUR,2025
512150,2000,V1144,SA,2025-08-29,INR,2025
512151,2000,V1196,RE,2025-10-06,GBP,2025
512152,2000,V1132,KR,2025-10-10,JPY,2025
512153,2000,V1074,SA,2025-08-21,EUR,2025
512154,2000,V1147,SA,2025-09-14,INR,2025
512155,1000,V1139,SA,2025-09-09,USD,2025
512156,1000,V1055,PO,2025-09-08,INR,2025
512157,3000,V1061,SA,2025-08-21,EUR,2025
512158,1000,V1188,KR,2025-10-04,GBP,2025
512159,1000,V1006,KR,2025-09-08,GBP,2025
512160,3000,V1162,RE,2025-09-29,USD,2025
512161,3000,V1124,RE,2025-10-03,JPY,2025
512162,1000,V1076,SA,2025-09-19,GBP,2025
512163,3000,V1079,KR,2025-10-10,USD,2025
512164,3000,V1177,RE,2025-08-18,EUR,2025
512165,3000,V1176,SA,2025-09-24,JPY,2025
512166,1000,V1197,RE,2025-10-02,INR,2025
512167,2000,V1115,KR,2025-08-16,JPY,2025
512168,2000,V1100,RE,2025-08-21,EUR,2025
512169,1000,V1009,SA,2025-09-17,USD,2025
512170,2000,V1082,SA,2025-09-19,USD,2025
512171,3000,V1049,SA,2025-10-10,JPY,2025
512172,3000,V1114,RE,2025-09-12,EUR,2025
512173,1000,V1182,SA,2025-09-20,JPY,2025
512174,1000,V1016,KR,2025-09-06,JPY,2025
512175,3000,V1051,SA,2025-09-07,EUR,2025
512176,2000,V1035,SA,2025-09-28,INR,2025
512177,1000,V1184,PO,2025-10-01,USD,2025
512178,3000,V1075,RE,2025-09-30,GBP,2025
512179,2000,V1124,SA,2025-08-21,EUR,2025
512180,1000,V1178,SA,2025-09-20,JPY,2025
512181,1000,V1109,RE,2025-09-21,JPY,2025
512182,2000,V1090,RE,2025-10-07,INR,2025
512183,1000,V1159,SA,2025-09-12,JPY,2025
512184,1000,V1119,PO,2025-08-31,JPY,2025
512185,3000,V1193,RE,2025-09-16,INR,2025
512186,1000,V1159,SA,2025-09-17,INR,2025
512187,1000,V1088,KR,2025-09-14,EUR,2025
512188,2000,V1187,RE,2025-09-13,EUR,2025
512189,2000,V1074,KR,2025-08-27,EUR,2025
512190,1000,V1191,PO,2025-09-28,JPY,2025
512191,1000,V1045,SA,2025-08-30,INR,2025
512192,3000,V1104,RE,2025-08-29,JPY,2025
512193,3000,V1071,RE,2025-10-09,USD,2025
512194,2000,V1127,SA,2025-10-10,INR,2025
512195,3000,V1161,PO,2025-10-09,GBP,2025
512196,1000,V1015,RE,2025-09-19,EUR,2025
512197,2000,V1137,SA,2025-08-29,USD,2025
512198,1000,V1043,PO,2025-09-18,JPY,2025
512199,2000,V1124,PO,2025-10-09,GBP,2025
512200,3000,V1159,KR,2025-08-17,INR,2025
512201,1000,V1127,PO,2025-08-17,EUR,2025
512202,1000,V1050,PO,2025-09-08,GBP,2025
512203,1000,V1082,RE,2025-08-22,GBP,2025
512204,1000,V1025,KR,2025-08-21,GBP,2025
512205,1000,V1023,SA,2025-09-13,EUR,2025
512206,1000,V1099,PO,2025-10-12,JPY,2025
512207,1000,V1083,RE,2025-09-15,INR,2025
512208,1000,V1068,RE,2025-08-17,USD,2025
512209,1000,V1076,KR,2025-10-02,INR,2025
512210,2000,V1165,PO,2025-10-02,EUR,2025
512211,3000,V1038,PO,2025-09-06,JPY,2025
512212,1000,V1054,PO,2025-10-03,INR,2025
512213,2000,V1163,KR,2025-08-27,INR,2025
512214,3000,V1149,KR,2025-09-25,INR,2025
512215,3000,V1112,PO,2025-09-23,EUR,2025
512216,1000,V1185,PO,2025-09-02,USD,2025
512217,3000,V1146,RE,2025-09-12,EUR,2025
512218,2000,V1054,SA,2025-10-09,USD,2025
512219,3000,V1119,KR,2025-09-05,GBP,2025
512220,2000,V1198,RE,2025-08-25,USD,2025
512221,2000,V1140,PO,2025-09-14,INR,2025
512222,3000,V1113,KR,2025-09-29,JPY,2025
512223,3000,V1139,KR,2025-10-03,INR,2025
512224,3000,V1195,KR,2025-09-15,JPY,2025
512225,3000,V1149,PO,2025-08-18,EUR,2025
512226,2000,V1095,SA,2025-10-09,EUR,2025
512227,1000,V1185,SA,2025-09-19,INR,2025
512228,3000,V1155,PO,2025-09-15,INR,2025
512229,3000,V1187,PO,2025-09-25,USD,2025
512230,3000,V1077,PO,2025-09-17,INR,2025
512231,3000,V1076,PO,2025-08-22,GBP,2025
512232,1000,V1033,KR,2025-09-26,EUR,2025
512233,2000,V1068,RE,2025-09-17,USD,2025
512234,1000,V1092,SA,2025-08-16,INR,2025
512235,3000,V1106,KR,2025-08-30,USD,2025
512236,2000,V1164,SA,2025-08-26,INR,2025
512237,1000,V1047,RE,2025-10-12,JPY,2025
512238,3000,V1158,RE,2025-10-12,INR,2025
512239,3000,V1164,PO,2025-09-29,GBP,2025
512240,2000,V1017,SA,2025-09-13,JPY,2025
512241,1000,V1005,RE,2025-09-25,USD,2025
512242,3000,V1030,SA,2025-09-10,EUR,2025
512243,3000,V1193,KR,2025-08-30,EUR,2025
512244,3000,V1119,PO,2025-10-10,EUR,2025
512245,2000,V1098,KR,2025-09-08,JPY,2025
512246,1000,V1065,SA,2025-08-26,USD,2025
512247,3000,V1041,SA,2025-08-19,EUR,2025
512248,2000,V1129,KR,2025-09-22,INR,2025
512249,2000,V1037,RE,2025-08-24,GBP,2025
512250,2000,V1114,RE,2025-09-15,INR,2025
512251,2000,V1042,KR,2025-08-21,JPY,2025
512252,2000,V1103,PO,2025-09-01,EUR,2025
512253,2000,V1190,SA,2025-10-06,EUR,2025
512254,2000,V1096,PO,2025-10-04,EUR,2025
512255,1000,V1180,SA,2025-09-09,JPY,2025
512256,1000,V1198,SA,2025-10-10,EUR,2025
512257,3000,V1062,PO,2025-09-16,USD,2025
512258,1000,V1148,PO,2025-10-08,INR,2025
512259,2000,V1073,KR,2025-10-13,EUR,2025
512260,1000,V1033,KR,2025-08-22,INR,2025
512261,2000,V1116,RE,2025-08-19,JPY,2025
512262,2000,V1193,KR,2025-10-06,JPY,2025
512263,2000,V1127,KR,2025-09-05,JPY,2025
512264,1000,V1178,SA,2025-08-17,USD,2025
512265,1000,V1113,SA,2025-08-21,USD,2025
512266,2000,V1106,RE,2025-10-13,EUR,2025
512267,1000,V1150,RE,2025-10-14,GBP,2025
512268,3000,V1051,RE,2025-10-14,GBP,2025
512269,3000,V1168,RE,2025-09-22,USD,2025
512270,3000,V1094,RE,2025-08-31,GBP,2025
512271,3000,V1170,SA,2025-09-20,INR,2025
512272,1000,V1026,SA,2025-09-10,USD,2025
512273,2000,V1027,PO,2025-09-04,USD,2025
512274,3000,V1074,RE,2025-10-09,USD,2025
512275,2000,V1135,RE,2025-09-24,EUR,2025
512276,3000,V1158,PO,2025-10-05,JPY,2025
512277,3000,V1113,KR,2025-09-16,EUR,2025
512278,1000,V1122,SA,2025-08-23,EUR,2025
512279,1000,V1050,SA,2025-09-15,GBP,2025
512280,2000,V1111,SA,2025-08-24,INR,2025
512281,1000,V1065,RE,2025-08-23,EUR,2025
512282,1000,V1174,KR,2025-10-08,JPY,2025
512283,2000,V1101,RE,2025-08-18,JPY,2025
512284,2000,V1190,KR,2025-09-26,EUR,2025
512285,1000,V1196,KR,2025-09-03,USD,2025
512286,3000,V1055,PO,2025-09-16,USD,2025
512287,1000,V1178,SA,2025-09-08,INR,2025
512288,2000,V1067,PO,2025-09-20,USD,2025
512289,2000,V1108,SA,2025-09-26,JPY,2025
512290,1000,V1189,KR,2025-09-14,EUR,2025
512291,1000,V1046,RE,2025-10-12,EUR,2025
512292,1000,V1027,SA,2025-08-18,INR,2025
512293,2000,V1115,KR,2025-09-29,JPY,2025
512294,3000,V1079,SA,2025-09-15,GBP,2025
512295,1000,V1076,PO,2025-09-26,GBP,2025
512296,3000,V1073,SA,2025-09-02,INR,2025
512297,2000,V1012,PO,2025-09-05,JPY,2025
512298,2000,V1078,PO,2025-10-06,EUR,2025
512299,2000,V1130,RE,2025-09-30,EUR,2025
512300,1000,V1101,RE,2025-09-28,INR,2025
512301,1000,V1188,PO,2025-09-23,USD,2025
512302,2000,V1158,KR,2025-09-16,INR,2025
512303,2000,V1092,RE,2025-08-16,USD,2025
512304,1000,V1133,PO,2025-09-02,JPY,2025
512305,2000,V1089,SA,2025-09-12,INR,2025
512306,2000,V1164,PO,2025-09-14,JPY,2025
512307,1000,V1185,KR,2025-09-23,GBP,2025
512308,1000,V1165,PO,2025-09-29,GBP,2025
512309,2000,V1084,SA,2025-09-07,JPY,2025
512310,3000,V1071,PO,2025-08-16,USD,2025
512311,2000,V1192,PO,2025-10-14,USD,2025
512312,3000,V1118,RE,2025-09-18,INR,2025
512313,1000,V1012,SA,2025-08-27,USD,2025
512314,1000,V1098,KR,2025-09-07,USD,2025
512315,2000,V1009,KR,2025-10-04,JPY,2025
512316,3000,V1174,KR,2025-09-04,INR,2025
512317,3000,V1175,PO,2025-08-19,INR,2025
512318,3000,V1073,PO,2025-09-28,INR,2025
512319,3000,V1154,SA,2025-09-01,USD,2025
512320,2000,V1167,PO,2025-08-21,INR,2025
512321,1000,V1020,SA,2025-08-23,EUR,2025
512322,2000,V1085,KR,2025-09-14,EUR,2025
512323,1000,V1192,SA,2025-08-21,EUR,2025
512324,2000,V1035,KR,2025-09-02,USD,2025
512325,1000,V1074,SA,2025-09-30,EUR,2025
512326,3000,V1169,RE,2025-09-05,GBP,2025
512327,3000,V1126,KR,2025-10-14,INR,2025
512328,2000,V1050,KR,2025-09-20,JPY,2025
512329,1000,V1022,PO,2025-08-25,INR,2025
512330,2000,V1140,PO,2025-08-17,INR,2025
512331,1000,V1038,KR,2025-08-21,GBP,2025
512332,1000,V1080,SA,2025-09-14,JPY,2025
512333,1000,V1003,RE,2025-10-01,USD,2025
512334,3000,V1187,RE,2025-09-19,INR,2025
512335,2000,V1034,PO,2025-09-05,GBP,2025
512336,3000,V1033,PO,2025-08-16,GBP,2025
512337,1000,V1152,RE,2025-09-08,GBP,2025
512338,1000,V1094,SA,2025-09-25,JPY,2025
512339,2000,V1167,SA,2025-08-20,EUR,2025
512340,2000,V1001,RE,2025-09-19,USD,2025
512341,3000,V1175,RE,2025-10-03,INR,2025
512342,3000,V1178,SA,2025-08-28,JPY,2025
512343,3000,V1072,KR,2025-10-02,USD,2025
512344,3000,V1076,SA,2025-09-20,GBP,2025
512345,3000,V1107,SA,2025-10-12,EUR,2025
512346,1000,V1025,RE,2025-09-07,INR,2025
512347,3000,V1125,SA,2025-09-18,JPY,2025
512348,3000,V1163,RE,2025-08-28,INR,2025
512349,1000,V1079,KR,2025-08-27,INR,2025
512350,1000,V1005,SA,2025-09-02,EUR,2025
512351,3000,V1132,KR,2025-08-18,EUR,2025
512352,3000,V1105,RE,2025-10-13,JPY,2025
512353,3000,V1032,KR,2025-08-21,INR,2025
512354,3000,V1123,SA,2025-09-09,JPY,2025
512355,1000,V1049,SA,2025-09-21,GBP,2025
512356,3000,V1108,KR,2025-10-10,GBP,2025
512357,1000,V1063,KR,2025-10-06,EUR,2025
512358,2000,V1149,SA,2025-10-14,INR,2025
512359,2000,V1021,KR,2025-08-30,INR,2025
512360,2000,V1193,KR,2025-08-27,JPY,2025
512361,2000,V1176,RE,2025-10-10,INR,2025
512362,1000,V1037,RE,2025-09-25,JPY,2025
512363,3000,V1139,PO,2025-09-07,INR,2025
512364,1000,V1131,RE,2025-09-03,EUR,2025
512365,2000,V1097,KR,2025-09-03,JPY,2025
512366,3000,V1152,SA,2025-09-06,INR,2025
512367,1000,V1185,PO,2025-09-18,JPY,2025
512368,2000,V1104,SA,2025-09-09,EUR,2025
512369,2000,V1079,RE,2025-09-05,INR,2025
512370,3000,V1112,PO,2025-08-26,GBP,2025
512371,1000,V1066,RE,2025-08-27,GBP,2025
512372,2000,V1139,KR,2025-09-11,EUR,2025
512373,1000,V1121,KR,2025-09-09,INR,2025
512374,2000,V1187,KR,2025-09-03,INR,2025
512375,3000,V1154,RE,2025-09-04,INR,2025
512376,3000,V1025,RE,2025-09-27,GBP,2025
512377,3000,V1118,SA,2025-08-19,GBP,2025
512378,2000,V1124,RE,2025-08-31,USD,2025
512379,2000,V1004,PO,2025-08-31,JPY,2025
512380,3000,V1070,PO,2025-08-18,INR,2025
512381,2000,V1005,SA,2025-09-13,EUR,2025
512382,2000,V1026,PO,2025-10-14,INR,2025
512383,1000,V1076,RE,2025-09-15,EUR,2025
512384,1000,V1104,PO,2025-08-19,EUR,2025
512385,1000,V1077,SA,2025-08-30,GBP,2025
512386,2000,V1120,PO,2025-10-11,INR,2025
512387,2000,V1065,RE,2025-08-31,GBP,2025
512388,1000,V1185,KR,2025-10-13,USD,2025
512389,3000,V1077,SA,2025-09-26,GBP,2025
512390,3000,V1132,RE,2025-10-11,USD,2025
512391,2000,V1134,SA,2025-10-08,EUR,2025
512392,2000,V1137,PO,2025-10-12,EUR,2025
512393,1000,V1109,PO,2025-09-10,JPY,2025
512394,3000,V1120,SA,2025-09-17,USD,2025
512395,2000,V1053,KR,2025-10-12,USD,2025
512396,1000,V1134,PO,2025-10-10,JPY,2025
512397,1000,V1051,KR,2025-09-25,EUR,2025
512398,2000,V1098,PO,2025-08-21,EUR,2025
512399,2000,V1171,SA,2025-09-16,GBP,2025
512400,1000,V1093,RE,2025-09-29,JPY,2025
512401,1000,V1129,SA,2025-10-08,EUR,2025
512402,1000,V1116,SA,2025-08-20,EUR,2025
512403,2000,V1171,SA,2025-09-23,JPY,2025
512404,3000,V1000,RE,2025-09-26,INR,2025
512405,1000,V1134,RE,2025-08-30,INR,2025
512406,3000,V1159,RE,2025-09-02,USD,2025
512407,2000,V1103,RE,2025-08-19,GBP,2025
512408,3000,V1199,SA,2025-08-31,INR,2025
512409,3000,V1028,PO,2025-09-18,EUR,2025
512410,2000,V1122,KR,2025-09-02,EUR,2025
512411,2000,V1078,RE,2025-09-06,EUR,2025
512412,2000,V1121,PO,2025-08-17,INR,2025
512413,1000,V1120,RE,2025-09-01,INR,2025
512414,1000,V1135,KR,2025-09-28,EUR,2025
512415,2000,V1165,KR,2025-09-16,EUR,2025
512416,1000,V1057,RE,2025-09-16,USD,2025
512417,3000,V1129,KR,2025-09-28,JPY,2025
512418,1000,V1008,RE,2025-08-27,EUR,2025
512419,1000,V1002,RE,2025-09-21,INR,2025
512420,3000,V1051,SA,2025-08-21,GBP,2025
512421,2000,V1166,PO,2025-08-27,GBP,2025
512422,2000,V1184,KR,2025-10-08,JPY,2025
512423,2000,V1109,KR,2025-08-23,USD,2025
512424,3000,V1012,RE,2025-09-12,INR,2025
512425,1000,V1109,SA,2025-09-06,GBP,2025
512426,2000,V1069,KR,2025-08-26,JPY,2025
512427,3000,V1173,PO,2025-09-18,EUR,2025
512428,1000,V1135,PO,2025-09-14,USD,2025
512429,1000,V1125,RE,2025-08-16,JPY,2025
512430,2000,V1137,SA,2025-08-20,USD,2025
512431,1000,V1008,SA,2025-09-18,GBP,2025
512432,3000,V1156,PO,2025-08-22,JPY,2025
512433,3000,V1062,KR,2025-08-22,INR,2025
512434,2000,V1019,KR,2025-09-17,JPY,2025
512435,3000,V1018,RE,2025-08-20,USD,2025
512436,2000,V1158,KR,2025-09-04,JPY,2025
512437,3000,V1074,SA,2025-09-19,EUR,2025
512438,1000,V1072,PO,2025-09-04,EUR,2025
512439,1000,V1019,SA,2025-08-29,GBP,2025
512440,3000,V1080,KR,2025-09-12,JPY,2025
512441,2000,V1145,KR,2025-10-13,USD,2025
512442,3000,V1041,SA,2025-10-12,USD,2025
512443,3000,V1053,KR,2025-09-18,GBP,2025
512444,3000,V1066,PO,2025-10-02,JPY,2025
512445,2000,V1183,PO,2025-09-05,USD,2025
512446,2000,V1179,RE,2025-08-24,EUR,2025
512447,1000,V1110,KR,2025-08-19,GBP,2025
512448,1000,V1104,RE,2025-08-30,JPY,2025
512449,3000,V1147,RE,2025-10-09,INR,2025
512450,1000,V1188,RE,2025-09-05,USD,2025
512451,2000,V1116,RE,2025-09-18,USD,2025
512452,2000,V1195,RE,2025-08-23,INR,2025
512453,1000,V1151,PO,2025-09-12,JPY,2025
512454,3000,V1037,SA,2025-09-05,JPY,2025
512455,1000,V1178,PO,2025-08-22,USD,2025
512456,1000,V1040,SA,2025-10-10,JPY,2025
512457,3000,V1182,KR,2025-08-22,EUR,2025
512458,3000,V1037,SA,2025-09-11,EUR,2025
512459,1000,V1060,KR,2025-10-11,INR,2025
512460,3000,V1128,KR,2025-10-10,USD,2025
512461,3000,V1194,KR,2025-09-23,JPY,2025
512462,1000,V1134,KR,2025-09-27,GBP,2025
512463,2000,V1162,PO,2025-09-03,INR,2025
512464,2000,V1191,KR,2025-09-20,INR,2025
512465,3000,V1067,PO,2025-10-05,JPY,2025
512466,2000,V1199,RE,2025-09-26,EUR,2025
512467,1000,V1190,PO,2025-09-08,INR,2025
512468,2000,V1050,PO,2025-10-12,GBP,2025
512469,3000,V1187,KR,2025-08-31,INR,2025
512470,2000,V1193,SA,2025-09-15,EUR,2025
512471,1000,V1095,KR,2025-09-08,INR,2025
512472,2000,V1096,KR,2025-09-07,USD,2025
512473,1000,V1074,KR,2025-08-17,GBP,2025
512474,1000,V1072,KR,2025-08-22,GBP,2025
512475,3000,V1098,PO,2025-09-20,USD,2025
512476,2000,V1018,KR,2025-10-13,INR,2025
512477,3000,V1177,RE,2025-09-01,JPY,2025
512478,3000,V1164,PO,2025-09-22,USD,2025
512479,1000,V1077,KR,2025-10-09,EUR,2025
512480,3000,V1153,PO,2025-09-20,USD,2025
512481,1000,V1167,KR,2025-09-21,GBP,2025
512482,1000,V1191,SA,2025-09-04,INR,2025
512483,1000,V1013,KR,2025-09-29,JPY,2025
512484,2000,V1140,RE,2025-08-20,GBP,2025
512485,2000,V1082,KR,2025-08-21,INR,2025
512486,3000,V1108,RE,2025-09-26,JPY,2025
512487,2000,V1076,SA,2025-08-23,GBP,2025
512488,3000,V1098,PO,2025-09-23,USD,2025
512489,1000,V1011,RE,2025-09-18,GBP,2025
512490,1000,V1070,KR,2025-09-13,EUR,2025
512491,1000,V1030,SA,2025-09-29,EUR,2025
512492,3000,V1134,PO,2025-08-20,EUR,2025
512493,1000,V1098,KR,2025-09-08,USD,2025
512494,2000,V1021,RE,2025-09-02,GBP,2025
512495,1000,V1170,RE,2025-08-19,JPY,2025
512496,1000,V1107,PO,2025-10-13,INR,2025
512497,3000,V1077,PO,2025-08-28,USD,2025
512498,1000,V1164,KR,2025-08-27,JPY,2025
512499,1000,V1186,KR,2025-10-14,USD,2025
512500,2000,V1118,KR,2025-09-14,INR,2025
512501,1000,V1155,PO,2025-09-04,GBP,2025
512502,1000,V1188,SA,2025-09-15,JPY,2025
512503,1000,V1144,SA,2025-09-07,EUR,2025
512504,3000,V1126,RE,2025-08-20,INR,2025
512505,2000,V1092,SA,2025-08-19,GBP,2025
512506,3000,V1125,SA,2025-09-08,JPY,2025
512507,3000,V1105,SA,2025-09-23,GBP,2025
512508,2000,V1140,RE,2025-08-30,GBP,2025
512509,3000,V1016,SA,2025-09-22,JPY,2025
512510,3000,V1036,SA,2025-09-30,GBP,2025
512511,1000,V1037,PO,2025-09-04,GBP,2025
512512,3000,V1057,SA,2025-09-05,GBP,2025
512513,1000,V1159,PO,2025-09-11,JPY,2025
512514,1000,V1069,RE,2025-09-30,USD,2025
512515,1000,V1076,KR,2025-10-13,INR,2025
512516,1000,V1170,SA,2025-09-01,GBP,2025
512517,1000,V1061,RE,2025-10-04,EUR,2025
512518,2000,V1163,PO,2025-10-06,JPY,2025
512519,1000,V1105,PO,2025-09-09,GBP,2025
512520,2000,V1091,PO,2025-09-02,USD,2025
512521,3000,V1097,KR,2025-09-30,EUR,2025
512522,2000,V1039,KR,2025-10-12,JPY,2025
512523,1000,V1137,RE,2025-10-07,USD,2025
512524,3000,V1183,SA,2025-09-26,JPY,2025
512525,3000,V1157,KR,2025-09-26,EUR,2025
512526,2000,V1056,SA,2025-08-26,USD,2025
512527,3000,V1086,SA,2025-09-12,GBP,2025
512528,2000,V1142,SA,2025-09-19,USD,2025
512529,2000,V1097,KR,2025-08-18,JPY,2025
512530,2000,V1028,RE,2025-09-06,INR,2025
512531,2000,V1167,KR,2025-09-22,EUR,2025
512532,1000,V1129,KR,2025-09-29,GBP,2025
512533,3000,V1168,SA,2025-09-20,USD,2025
512534,1000,V1036,PO,2025-09-04,GBP,2025
512535,2000,V1106,RE,2025-09-03,USD,2025
512536,3000,V1021,SA,2025-09-29,GBP,2025
512537,2000,V1007,RE,2025-10-06,USD,2025
512538,2000,V1119,PO,2025-09-11,EUR,2025
512539,2000,V1141,KR,2025-09-07,USD,2025
512540,3000,V1156,RE,2025-09-18,JPY,2025
512541,3000,V1131,KR,2025-08-19,JPY,2025
512542,2000,V1039,SA,2025-10-11,GBP,2025
512543,3000,V1115,SA,2025-09-04,EUR,2025
512544,2000,V1022,PO,2025-10-04,GBP,2025
512545,3000,V1173,RE,2025-08-22,INR,2025
512546,2000,V1075,KR,2025-10-12,EUR,2025
512547,2000,V1163,PO,2025-09-24,GBP,2025
512548,2000,V1132,RE,2025-09-10,GBP,2025
512549,3000,V1069,KR,2025-10-09,USD,2025
512550,3000,V1160,KR,2025-08-31,GBP,2025
512551,1000,V1198,RE,2025-08-24,GBP,2025
512552,3000,V1174,SA,2025-08-31,GBP,2025
512553,2000,V1065,RE,2025-10-02,GBP,2025
512554,1000,V1113,KR,2025-08-24,EUR,2025
512555,1000,V1031,RE,2025-10-02,GBP,2025
512556,1000,V1038,RE,2025-09-03,EUR,2025
512557,2000,V1102,KR,2025-08-18,JPY,2025
512558,3000,V1071,RE,2025-10-06,INR,2025
512559,1000,V1045,KR,2025-10-14,EUR,2025
512560,1000,V1189,PO,2025-08-28,USD,2025
512561,1000,V1198,PO,2025-09-03,USD,2025
512562,3000,V1007,KR,2025-08-21,GBP,2025
512563,1000,V1095,SA,2025-08-23,JPY,2025
512564,1000,V1077,RE,2025-10-02,INR,2025
512565,3000,V1189,KR,2025-10-02,GBP,2025
512566,3000,V1186,KR,2025-09-25,GBP,2025
512567,2000,V1144,SA,2025-09-30,INR,2025
512568,2000,V1095,RE,2025-09-19,INR,2025
512569,3000,V1177,PO,2025-08-31,JPY,2025
512570,2000,V1152,RE,2025-08-30,JPY,2025
512571,1000,V1125,KR,2025-08-25,INR,2025
512572,2000,V1030,PO,2025-10-03,JPY,2025
512573,3000,V1033,PO,2025-08-20,JPY,2025
512574,2000,V1073,KR,2025-09-09,USD,2025
512575,3000,V1184,RE,2025-10-08,USD,2025
512576,1000,V1106,SA,2025-08-26,INR,2025
512577,2000,V1086,RE,2025-10-04,JPY,2025
512578,2000,V1086,RE,2025-08-24,USD,2025
512579,1000,V1053,PO,2025-08-30,EUR,2025
512580,3000,V1165,SA,2025-08-23,USD,2025
512581,1000,V1049,RE,2025-09-22,INR,2025
512582,2000,V1007,KR,2025-09-26,INR,2025
512583,3000,V1020,PO,2025-08-24,EUR,2025
512584,2000,V1066,PO,2025-09-26,USD,2025
512585,2000,V1029,RE,2025-08-22,EUR,2025
512586,2000,V1124,PO,2025-09-20,INR,2025
512587,2000,V1086,RE,2025-10-06,GBP,2025
512588,1000,V1058,SA,2025-09-26,JPY,2025
512589,3000,V1115,PO,2025-08-18,JPY,2025
512590,2000,V1179,KR,2025-09-09,JPY,2025
512591,1000,V1034,SA,2025-09-18,EUR,2025
512592,1000,V1179,SA,2025-08-23,EUR,2025
512593,1000,V1059,KR,2025-10-01,USD,2025
512594,1000,V1139,PO,2025-09-13,JPY,2025
512595,1000,V1011,SA,2025-09-11,EUR,2025
512596,1000,V1027,KR,2025-09-06,INR,2025
512597,2000,V1135,KR,2025-09-05,USD,2025
512598,1000,V1037,KR,2025-09-06,EUR,2025
512599,3000,V1033,SA,2025-09-06,JPY,2025
512600,3000,V1041,PO,2025-10-02,GBP,2025
512601,2000,V1151,SA,2025-09-01,INR,2025
512602,2000,V1009,KR,2025-08-21,INR,2025
512603,2000,V1100,KR,2025-09-23,JPY,2025
512604,2000,V1192,KR,2025-09-24,USD,2025
512605,3000,V1055,SA,2025-09-16,JPY,2025
512606,2000,V1117,RE,2025-09-02,JPY,2025
512607,1000,V1043,PO,2025-09-27,GBP,2025
512608,3000,V1150,RE,2025-09-27,JPY,2025
512609,3000,V1137,RE,2025-10-02,EUR,2025
512610,3000,V1118,KR,2025-09-03,EUR,2025
512611,1000,V1177,RE,2025-08-28,GBP,2025
512612,2000,V1014,SA,2025-10-12,GBP,2025
512613,2000,V1113,RE,2025-09-19,USD,2025
512614,3000,V1196,SA,2025-09-15,EUR,2025
512615,2000,V1144,KR,2025-10-13,INR,2025
512616,2000,V1170,RE,2025-08-19,GBP,2025
512617,2000,V1122,PO,2025-09-06,GBP,2025
512618,1000,V1195,PO,2025-08-22,INR,2025
512619,1000,V1062,RE,2025-10-08,USD,2025
512620,3000,V1051,PO,2025-10-01,GBP,2025
512621,2000,V1149,PO,2025-09-12,EUR,2025
512622,3000,V1166,SA,2025-09-15,INR,2025
512623,3000,V1009,RE,2025-10-06,GBP,2025
512624,1000,V1019,SA,2025-09-01,GBP,2025
512625,3000,V1120,KR,2025-09-05,GBP,2025
512626,1000,V1007,RE,2025-09-22,USD,2025
512627,3000,V1024,PO,2025-10-06,JPY,2025
512628,1000,V1156,KR,2025-08-19,USD,2025
512629,1000,V1059,SA,2025-09-11,JPY,2025
512630,2000,V1088,KR,2025-10-08,GBP,2025
512631,1000,V1191,PO,2025-09-07,JPY,2025
512632,2000,V1055,PO,2025-09-06,USD,2025
512633,3000,V1103,SA,2025-09-11,INR,2025
512634,3000,V1091,SA,2025-09-24,GBP,2025
512635,3000,V1049,RE,2025-09-02,USD,2025
512636,2000,V1098,KR,2025-09-27,INR,2025
512637,2000,V1088,SA,2025-08-24,USD,2025
512638,1000,V1159,RE,2025-09-26,JPY,2025
512639,2000,V1064,KR,2025-09-30,JPY,2025
512640,2000,V1117,PO,2025-08-16,USD,2025
512641,2000,V1022,RE,2025-09-08,INR,2025
512642,2000,V1171,PO,2025-08-20,EUR,2025
512643,3000,V1166,RE,2025-09-29,USD,2025
512644,3000,V1059,KR,2025-10-11,INR,2025
512645,1000,V1119,PO,2025-09-02,EUR,2025
512646,2000,V1030,SA,2025-08-24,INR,2025
512647,3000,V1066,KR,2025-10-14,INR,2025
512648,2000,V1018,RE,2025-10-07,INR,2025
512649,3000,V1011,RE,2025-08-17,USD,2025
512650,2000,V1086,RE,2025-09-15,GBP,2025
512651,1000,V1179,RE,2025-08-22,GBP,2025
512652,3000,V1156,PO,2025-09-30,GBP,2025
512653,1000,V1082,KR,2025-09-30,EUR,2025
512654,3000,V1152,PO,2025-09-12,JPY,2025
512655,3000,V1053,PO,2025-09-18,INR,2025
512656,1000,V1171,SA,2025-09-02,USD,2025
512657,2000,V1173,RE,2025-10-04,GBP,2025
512658,3000,V1108,SA,2025-09-26,USD,2025
512659,3000,V1014,PO,2025-09-22,JPY,2025
512660,1000,V1122,PO,2025-09-03,GBP,2025
512661,3000,V1028,RE,2025-09-30,INR,2025
512662,2000,V1158,KR,2025-08-28,USD,2025
512663,2000,V1150,SA,2025-10-06,JPY,2025
512664,1000,V1110,KR,2025-10-11,INR,2025
512665,3000,V1179,RE,2025-08-17,GBP,2025
512666,1000,V1164,KR,2025-09-29,EUR,2025
512667,2000,V1142,RE,2025-09-17,USD,2025
512668,1000,V1006,KR,2025-08-29,GBP,2025
512669,2000,V1012,KR,2025-09-10,EUR,2025
512670,1000,V1150,KR,2025-09-17,GBP,2025
512671,3000,V1177,PO,2025-09-22,INR,2025
512672,3000,V1113,SA,2025-09-30,USD,2025
512673,3000,V1184,SA,2025-08-25,JPY,2025
512674,3000,V1171,RE,2025-10-10,EUR,2025
512675,2000,V1054,KR,2025-09-30,EUR,2025
512676,1000,V1060,PO,2025-09-10,JPY,2025
512677,2000,V1152,KR,2025-09-15,INR,2025
512678,3000,V1042,RE,2025-10-07,GBP,2025
512679,1000,V1004,KR,2025-08-28,GBP,2025
512680,1000,V1084,KR,2025-08-25,USD,2025
512681,2000,V1179,PO,2025-10-03,GBP,2025
512682,3000,V1153,KR,2025-10-02,USD,2025
512683,3000,V1026,KR,2025-09-20,USD,2025
512684,2000,V1125,SA,2025-08-24,GBP,2025
512685,2000,V1149,PO,2025-09-04,EUR,2025
512686,3000,V1023,PO,2025-10-04,JPY,2025
512687,3000,V1019,RE,2025-08-22,EUR,2025
512688,3000,V1163,PO,2025-08-30,INR,2025
512689,1000,V1052,PO,2025-09-15,GBP,2025
512690,3000,V1081,KR,2025-09-26,USD,2025
512691,3000,V1142,SA,2025-08-16,GBP,2025
512692,1000,V1103,PO,2025-10-14,JPY,2025
512693,1000,V1069,SA,2025-09-13,EUR,2025
512694,1000,V1144,KR,2025-09-14,INR,2025
512695,2000,V1106,RE,2025-08-23,GBP,2025
512696,2000,V1068,SA,2025-09-12,USD,2025
512697,1000,V1040,RE,2025-09-16,JPY,2025
512698,1000,V1057,KR,2025-10-08,GBP,2025
512699,1000,V1072,RE,2025-08-18,JPY,2025
512700,3000,V1050,PO,2025-08-23,GBP,2025
512701,1000,V1071,KR,2025-09-27,INR,2025
512702,3000,V1068,RE,2025-09-07,INR,2025
512703,3000,V1030,PO,2025-09-06,GBP,2025
512704,3000,V1061,SA,2025-10-08,USD,2025
512705,1000,V1077,KR,2025-08-18,INR,2025
512706,3000,V1193,SA,2025-10-11,INR,2025
512707,1000,V1134,RE,2025-08-29,USD,2025
512708,2000,V1138,PO,2025-09-15,EUR,2025
512709,2000,V1105,KR,2025-09-05,JPY,2025
512710,2000,V1030,RE,2025-09-29,GBP,2025
512711,3000,V1031,SA,2025-09-20,EUR,2025
512712,1000,V1114,SA,2025-08-21,INR,2025
512713,1000,V1064,KR,2025-09-29,GBP,2025
512714,3000,V1007,KR,2025-08-17,USD,2025
512715,2000,V1156,SA,2025-09-08,GBP,2025
512716,1000,V1061,RE,2025-10-01,JPY,2025
512717,1000,V1068,SA,2025-08-27,EUR,2025
512718,2000,V1089,RE,2025-09-17,INR,2025
512719,3000,V1124,SA,2025-09-11,JPY,2025
512720,1000,V1035,KR,2025-09-30,GBP,2025
512721,2000,V1022,RE,2025-10-05,USD,2025
512722,2000,V1078,KR,2025-09-29,USD,2025
512723,1000,V1130,SA,2025-09-19,INR,2025
512724,1000,V1024,KR,2025-08-23,JPY,2025
512725,3000,V1197,PO,2025-09-15,JPY,2025
512726,2000,V1130,PO,2025-09-29,GBP,2025
512727,1000,V1064,KR,2025-10-05,INR,2025
512728,2000,V1175,SA,2025-08-20,JPY,2025
512729,2000,V1165,SA,2025-10-10,JPY,2025
512730,1000,V1109,SA,2025-10-12,JPY,2025
512731,2000,V1002,PO,2025-08-29,INR,2025
512732,2000,V1046,PO,2025-09-06,GBP,2025
512733,3000,V1186,SA,2025-08-29,GBP,2025
512734,2000,V1176,SA,2025-08-28,INR,2025
512735,2000,V1133,RE,2025-08-20,GBP,2025
512736,3000,V1162,RE,2025-08-17,JPY,2025
512737,2000,V1193,RE,2025-09-09,GBP,2025
512738,2000,V1120,SA,2025-10-07,JPY,2025
512739,1000,V1022,RE,2025-09-18,EUR,2025
512740,1000,V1111,KR,2025-08-27,INR,2025
512741,2000,V1144,SA,2025-10-13,EUR,2025
512742,1000,V1076,RE,2025-09-04,INR,2025
512743,1000,V1102,RE,2025-08-25,JPY,2025
512744,2000,V1152,KR,2025-09-05,USD,2025
512745,1000,V1121,KR,2025-09-12,GBP,2025
512746,3000,V1186,KR,2025-08-24,USD,2025
512747,3000,V1160,RE,2025-08-28,EUR,2025
512748,2000,V1147,PO,2025-10-07,USD,2025
512749,2000,V1049,KR,2025-08-20,GBP,2025
512750,2000,V1078,RE,2025-09-21,INR,2025
512751,2000,V1120,SA,2025-09-20,GBP,2025
512752,2000,V1026,RE,2025-09-28,EUR,2025
512753,2000,V1175,PO,2025-09-05,JPY,2025
512754,3000,V1156,PO,2025-10-05,JPY,2025
512755,2000,V1150,KR,2025-09-19,EUR,2025
512756,2000,V1133,KR,2025-09-20,GBP,2025
512757,3000,V1186,RE,2025-09-02,JPY,2025
512758,3000,V1102,SA,2025-09-17,JPY,2025
512759,3000,V1182,SA,2025-08-25,JPY,2025
512760,2000,V1093,PO,2025-08-16,GBP,2025
512761,3000,V1059,KR,2025-09-13,JPY,2025
512762,2000,V1054,PO,2025-08-19,GBP,2025
512763,1000,V1108,KR,2025-08-16,EUR,2025
512764,1000,V1069,PO,2025-08-29,INR,2025
512765,3000,V1016,KR,2025-08-19,USD,2025
512766,3000,V1069,RE,2025-10-13,INR,2025
512767,3000,V1083,PO,2025-08-21,INR,2025
512768,2000,V1061,RE,2025-09-18,INR,2025
512769,3000,V1033,SA,2025-09-01,JPY,2025
512770,2000,V1083,PO,2025-09-02,GBP,2025
512771,3000,V1155,RE,2025-10-01,INR,2025
512772,1000,V1142,SA,2025-08-22,JPY,2025
512773,3000,V1051,SA,2025-10-07,USD,2025
512774,3000,V1182,RE,2025-09-06,USD,2025
512775,1000,V1090,KR,2025-08-16,EUR,2025
512776,3000,V1148,RE,2025-09-10,USD,2025
512777,3000,V1002,SA,2025-08-26,EUR,2025
512778,2000,V1182,PO,2025-09-03,INR,2025
512779,3000,V1162,PO,2025-09-28,GBP,2025
512780,2000,V1061,SA,2025-09-11,INR,2025
512781,2000,V1074,PO,2025-10-09,USD,2025
512782,1000,V1157,PO,2025-09-22,INR,2025
512783,3000,V1140,SA,2025-09-22,INR,2025
512784,1000,V1013,RE,2025-09-16,EUR,2025
512785,1000,V1039,KR,2025-08-20,INR,2025
512786,3000,V1186,PO,2025-10-01,GBP,2025
512787,1000,V1106,PO,2025-09-13,USD,2025
512788,1000,V1103,PO,2025-10-08,USD,2025
512789,2000,V1142,SA,2025-09-16,GBP,2025
512790,2000,V1044,RE,2025-09-18,INR,2025
512791,2000,V1100,SA,2025-09-22,EUR,2025
512792,1000,V1150,KR,2025-09-30,INR,2025
512793,1000,V1076,RE,2025-08-31,JPY,2025
512794,3000,V1045,KR,2025-08-30,USD,2025
512795,1000,V1004,RE,2025-08-21,EUR,2025
512796,2000,V1159,RE,2025-08-21,USD,2025
512797,2000,V1125,RE,2025-09-11,GBP,2025
512798,2000,V1173,RE,2025-10-12,INR,2025
512799,3000,V1191,RE,2025-09-13,JPY,2025
512800,2000,V1034,PO,2025-09-10,GBP,2025
512801,1000,V1106,RE,2025-09-12,USD,2025
512802,1000,V1189,PO,2025-09-28,INR,2025
512803,2000,V1107,KR,2025-08-23,USD,2025
512804,1000,V1184,SA,2025-08-31,GBP,2025
512805,2000,V1099,PO,2025-08-18,EUR,2025
512806,1000,V1091,KR,2025-09-24,JPY,2025
512807,2000,V1091,KR,2025-09-05,USD,2025
512808,2000,V1051,SA,2025-10-07,EUR,2025
512809,1000,V1186,SA,2025-10-02,USD,2025
512810,1000,V1032,PO,2025-09-04,USD,2025
512811,2000,V1182,PO,2025-10-07,INR,2025
512812,2000,V1138,SA,2025-10-12,JPY,2025
512813,1000,V1141,SA,2025-10-03,INR,2025
512814,1000,V1053,KR,2025-09-13,USD,2025
512815,1000,V1137,RE,2025-08-22,EUR,2025
512816,1000,V1040,KR,2025-09-22,GBP,2025
512817,3000,V1174,RE,2025-09-20,JPY,2025
512818,3000,V1149,PO,2025-09-20,JPY,2025
512819,3000,V1159,SA,2025-09-08,JPY,2025
512820,3000,V1006,SA,2025-09-24,INR,2025
512821,2000,V1012,RE,2025-09-14,JPY,2025
512822,2000,V1094,PO,2025-09-28,EUR,2025
512823,3000,V1096,KR,2025-10-02,GBP,2025
512824,3000,V1077,RE,2025-09-26,GBP,2025
512825,2000,V1108,PO,2025-08-27,GBP,2025
512826,1000,V1188,RE,2025-08-16,USD,2025
512827,1000,V1089,SA,2025-10-03,USD,2025
512828,1000,V1134,PO,2025-10-08,EUR,2025
512829,2000,V1009,RE,2025-10-09,EUR,2025
512830,1000,V1007,RE,2025-10-14,INR,2025
512831,1000,V1004,PO,2025-09-15,USD,2025
512832,2000,V1195,PO,2025-09-27,EUR,2025
512833,2000,V1124,RE,2025-09-06,EUR,2025
512834,2000,V1148,RE,2025-08-18,GBP,2025
512835,2000,V1150,PO,2025-10-12,GBP,2025
512836,3000,V1047,RE,2025-09-19,JPY,2025
512837,2000,V1094,KR,2025-08-24,JPY,2025
512838,3000,V1154,KR,2025-09-07,JPY,2025
512839,2000,V1154,RE,2025-09-01,GBP,2025
512840,3000,V1143,PO,2025-08-16,INR,2025
512841,3000,V1188,KR,2025-10-03,INR,2025
512842,3000,V1130,PO,2025-09-28,EUR,2025
512843,1000,V1068,RE,2025-09-08,EUR,2025
512844,2000,V1172,RE,2025-09-18,INR,2025
512845,3000,V1150,PO,2025-09-21,GBP,2025
512846,1000,V1039,KR,2025-10-10,GBP,2025
512847,2000,V1007,PO,2025-10-12,USD,2025
512848,1000,V1056,PO,2025-10-14,GBP,2025
512849,1000,V1098,PO,2025-09-02,USD,2025
512850,1000,V1007,PO,2025-08-19,GBP,2025
512851,3000,V1092,PO,2025-09-29,GBP,2025
512852,2000,V1147,KR,2025-10-13,JPY,2025
512853,3000,V1118,RE,2025-10-09,GBP,2025
512854,1000,V1050,SA,2025-09-29,JPY,2025
512855,2000,V1195,PO,2025-10-10,EUR,2025
512856,2000,V1178,PO,2025-09-16,INR,2025
512857,3000,V1075,SA,2025-09-10,INR,2025
512858,2000,V1112,SA,2025-09-05,USD,2025
512859,1000,V1084,PO,2025-09-15,INR,2025
512860,3000,V1174,RE,2025-08-23,EUR,2025
512861,1000,V1137,PO,2025-09-16,EUR,2025
512862,2000,V1162,SA,2025-08-18,GBP,2025
512863,2000,V1190,KR,2025-09-06,USD,2025
512864,1000,V1028,KR,2025-09-05,INR,2025
512865,3000,V1116,RE,2025-10-06,USD,2025
512866,1000,V1192,PO,2025-09-13,INR,2025
512867,1000,V1169,RE,2025-08-22,USD,2025
512868,2000,V1020,SA,2025-10-04,USD,2025
512869,1000,V1103,PO,2025-09-23,INR,2025
512870,2000,V1068,KR,2025-09-10,EUR,2025
512871,2000,V1032,PO,2025-08-26,JPY,2025
512872,3000,V1044,PO,2025-09-20,EUR,2025
512873,1000,V1074,RE,2025-08-20,USD,2025
512874,3000,V1160,SA,2025-08-24,GBP,2025
512875,3000,V1125,KR,2025-09-17,GBP,2025
512876,1000,V1084,RE,2025-10-09,GBP,2025
512877,2000,V1033,PO,2025-08-20,USD,2025
512878,1000,V1111,KR,2025-10-10,EUR,2025
512879,1000,V1123,SA,2025-08-18,INR,2025
512880,3000,V1012,KR,2025-09-06,EUR,2025
512881,1000,V1106,PO,2025-09-02,GBP,2025
512882,1000,V1142,PO,2025-09-12,INR,2025
512883,2000,V1196,SA,2025-10-07,JPY,2025
512884,2000,V1100,PO,2025-08-23,EUR,2025
512885,2000,V1185,PO,2025-09-21,EUR,2025
512886,3000,V1170,RE,2025-09-25,JPY,2025
512887,3000,V1058,SA,2025-09-04,EUR,2025
512888,3000,V1064,RE,2025-09-26,EUR,2025
512889,1000,V1142,KR,2025-08-31,GBP,2025
512890,3000,V1015,SA,2025-09-30,USD,2025
512891,2000,V1148,RE,2025-09-10,GBP,2025
512892,1000,V1141,RE,2025-10-12,GBP,2025
512893,1000,V1108,PO,2025-09-08,EUR,2025
512894,3000,V1151,RE,2025-09-17,USD,2025
512895,2000,V1064,PO,2025-09-28,GBP,2025
512896,2000,V1135,PO,2025-08-24,GBP,2025
512897,3000,V1116,KR,2025-08-29,EUR,2025
512898,1000,V1187,SA,2025-09-17,JPY,2025
512899,2000,V1062,RE,2025-09-20,INR,2025
512900,3000,V1140,PO,2025-08-30,JPY,2025
512901,3000,V1000,SA,2025-09-03,USD,2025
512902,3000,V1173,SA,2025-09-10,INR,2025
512903,2000,V1123,SA,2025-10-09,USD,2025
512904,2000,V1046,RE,2025-09-19,EUR,2025
512905,2000,V1184,PO,2025-09-03,GBP,2025
512906,3000,V1057,RE,2025-08-27,JPY,2025
512907,1000,V1066,PO,2025-09-09,INR,2025
512908,3000,V1140,PO,2025-09-07,EUR,2025
512909,1000,V1093,RE,2025-09-29,EUR,2025
512910,2000,V1098,KR,2025-08-19,INR,2025
512911,2000,V1102,RE,2025-10-11,USD,2025
512912,3000,V1194,PO,2025-09-08,INR,2025
512913,1000,V1162,SA,2025-09-14,JPY,2025
512914,2000,V1151,SA,2025-10-04,JPY,2025
512915,3000,V1155,KR,2025-10-06,INR,2025
512916,3000,V1139,KR,2025-08-31,GBP,2025
512917,1000,V1047,SA,2025-08-29,GBP,2025
512918,1000,V1132,SA,2025-10-11,EUR,2025
512919,1000,V1169,SA,2025-09-14,USD,2025
512920,1000,V1187,RE,2025-08-25,GBP,2025
512921,2000,V1012,KR,2025-08-20,INR,2025
512922,2000,V1049,SA,2025-08-28,USD,2025
512923,3000,V1082,PO,2025-08-18,EUR,2025
512924,2000,V1184,KR,2025-09-11,EUR,2025
512925,2000,V1021,RE,2025-08-28,EUR,2025
512926,3000,V1151,PO,2025-09-17,EUR,2025
512927,2000,V1045,KR,2025-09-01,INR,2025
512928,1000,V1150,PO,2025-09-30,USD,2025
512929,2000,V1006,SA,2025-08-16,JPY,2025
512930,2000,V1099,SA,2025-09-12,INR,2025
512931,3000,V1176,KR,2025-09-21,INR,2025
512932,2000,V1149,RE,2025-10-13,INR,2025
512933,1000,V1192,RE,2025-09-26,EUR,2025
512934,3000,V1024,KR,2025-09-12,JPY,2025
512935,3000,V1147,RE,2025-09-28,EUR,2025
512936,2000,V1008,SA,2025-09-09,GBP,2025
512937,2000,V1080,SA,2025-09-10,GBP,2025
512938,3000,V1103,RE,2025-08-23,EUR,2025
512939,2000,V1045,RE,2025-10-10,USD,2025
512940,2000,V1044,SA,2025-09-02,GBP,2025
512941,2000,V1138,KR,2025-08-19,GBP,2025
512942,2000,V1036,KR,2025-10-05,EUR,2025
512943,3000,V1054,SA,2025-09-22,USD,2025
512944,3000,V1172,KR,2025-09-16,USD,2025
512945,1000,V1197,SA,2025-10-03,EUR,2025
512946,2000,V1192,SA,2025-10-02,EUR,2025
512947,2000,V1059,SA,2025-09-19,GBP,2025
512948,2000,V1001,SA,2025-09-30,EUR,2025
512949,1000,V1105,SA,2025-10-04,GBP,2025
512950,2000,V1081,PO,2025-09-03,EUR,2025
512951,1000,V1197,PO,2025-09-23,INR,2025
512952,1000,V1004,RE,2025-08-22,USD,2025
512953,3000,V1047,RE,2025-09-29,EUR,2025
512954,2000,V1050,SA,2025-08-21,GBP,2025
512955,1000,V1040,RE,2025-09-24,JPY,2025
512956,3000,V1097,KR,2025-09-20,INR,2025
512957,3000,V1159,RE,2025-10-07,USD,2025
512958,3000,V1156,KR,2025-10-04,INR,2025
512959,1000,V1061,RE,2025-08-25,JPY,2025
512960,3000,V1124,RE,2025-09-07,USD,2025
512961,1000,V1169,PO,2025-09-10,INR,2025
512962,2000,V1043,PO,2025-09-06,USD,2025
512963,1000,V1111,PO,2025-10-01,INR,2025
512964,3000,V1172,KR,2025-09-08,EUR,2025
512965,1000,V1038,KR,2025-08-23,EUR,2025
512966,2000,V1197,RE,2025-08-25,USD,2025
512967,3000,V1122,KR,2025-08-31,USD,2025
512968,1000,V1043,PO,2025-10-14,JPY,2025
512969,3000,V1184,KR,2025-09-13,USD,2025
512970,1000,V1141,SA,2025-09-10,USD,2025
512971,3000,V1031,RE,2025-09-18,EUR,2025
512972,1000,V1147,RE,2025-09-28,EUR,2025
512973,3000,V1192,RE,2025-09-27,GBP,2025
512974,1000,V1136,SA,2025-10-01,GBP,2025
512975,2000,V1098,PO,2025-09-04,JPY,2025
512976,2000,V1092,RE,2025-09-15,GBP,2025
512977,2000,V1155,KR,2025-09-01,JPY,2025
512978,3000,V1088,RE,2025-09-03,EUR,2025
512979,1000,V1111,SA,2025-09-20,USD,2025
512980,1000,V1146,PO,2025-09-09,USD,2025
512981,3000,V1090,PO,2025-08-22,JPY,2025
512982,2000,V1047,SA,2025-08-22,JPY,2025
512983,1000,V1087,RE,2025-09-07,USD,2025
512984,2000,V1019,SA,2025-09-09,USD,2025
512985,3000,V1042,KR,2025-10-03,GBP,2025
512986,1000,V1027,SA,2025-09-04,USD,2025
512987,3000,V1186,SA,2025-08-20,EUR,2025
512988,3000,V1089,KR,2025-09-06,EUR,2025
512989,3000,V1145,KR,2025-10-05,JPY,2025
512990,1000,V1047,RE,2025-10-02,INR,2025
512991,1000,V1121,RE,2025-10-09,USD,2025
512992,1000,V1096,PO,2025-09-01,EUR,2025
512993,1000,V1085,RE,2025-09-11,INR,2025
512994,2000,V1051,PO,2025-10-13,JPY,2025
512995,2000,V1085,SA,2025-09-19,EUR,2025
512996,3000,V1144,SA,2025-09-07,USD,2025
512997,3000,V1051,SA,2025-09-06,JPY,2025
512998,3000,V1076,PO,2025-08-19,EUR,2025
512999,1000,V1143,SA,2025-08-26,USD,2025
