BELNR,LIFNR,ZREGU,ZBUKR,ZALDT
512181,V1166,P66510,1000,2025-09-15
512096,V1143,P51396,3000,2025-10-07
512742,V1045,P40339,1000,2025-09-03
512649,V1084,P24710,3000,2025-09-09
512099,V1057,P56364,3000,2025-09-18
512709,V1183,P41141,2000,2025-09-03
512997,V1052,P27548,2000,2025-09-22
512538,V1115,P24100,1000,2025-09-21
512718,V1133,P11493,2000,2025-09-26
512463,V1012,P69592,3000,2025-09-30
512306,V1100,P76899,3000,2025-09-09
512826,V1092,P28383,1000,2025-09-07
512432,V1092,P36097,3000,2025-09-05
512626,V1112,P63177,3000,2025-09-10
512127,V1173,P32021,1000,2025-09-08
512530,V1082,P66288,1000,2025-10-08
512556,V1017,P94022,2000,2025-09-26
512318,V1097,P21227,1000,2025-09-19
512111,V1142,P46469,3000,2025-09-02
512726,V1031,P22258,3000,2025-08-31
512751,V1093,P92924,3000,2025-09-26
512559,V1086,P33159,1000,2025-09-14
512825,V1013,P24624,2000,2025-10-04
512197,V1158,P11779,3000,2025-09-29
512118,V1107,P48891,1000,2025-08-31
512627,V1102,P32956,2000,2025-09-01
512093,V1105,P52362,3000,2025-10-06
512946,V1146,P89934,1000,2025-09-10
512533,V1073,P10291,2000,2025-10-03
512617,V1054,P33542,2000,2025-09-03
512290,V1006,P38039,3000,2025-09-28
512267,V1115,P15200,3000,2025-09-15
512262,V1046,P41195,3000,2025-10-03
512722,V1049,P84250,1000,2025-09-16
512373,V1110,P69665,2000,2025-09-18
512357,V1097,P31461,3000,2025-10-01
512884,V1195,P71278,2000,2025-09-15
512839,V1098,P62458,3000,2025-09-25
512420,V1185,P32115,2000,2025-09-24
512914,V1168,P14800,1000,2025-09-18
512697,V1179,P43385,3000,2025-09-20
512133,V1156,P47891,3000,2025-09-08
512102,V1027,P10772,3000,2025-09-02
512684,V1066,P44325,1000,2025-09-17
512932,V1007,P11338,2000,2025-09-19
512989,V1031,P73654,2000,2025-09-18
512610,V1094,P73346,2000,2025-09-16
512717,V1182,P61818,2000,2025-09-08
512919,V1190,P25712,2000,2025-09-09
512135,V1173,P44447,2000,2025-09-09
512622,V1114,P94551,2000,2025-10-01
512145,V1103,P97491,3000,2025-10-05
512396,V1112,P96960,2000,2025-09-19
512410,V1124,P58583,1000,2025-09-09
512136,V1055,P39219,2000,2025-09-17
512786,V1071,P79379,3000,2025-10-11
512378,V1128,P52306,3000,2025-10-02
512205,V1080,P50035,1000,2025-09-30
512088,V1076,P35708,2000,2025-09-07
512037,V1043,P23144,1000,2025-10-12
512305,V1157,P18609,3000,2025-09-23
512487,V1120,P13059,3000,2025-10-06
512333,V1019,P33949,2000,2025-09-01
512573,V1072,P27924,3000,2025-10-11
512153,V1027,P31280,1000,2025-10-11
512390,V1074,P98124,1000,2025-09-28
512154,V1179,P55100,2000,2025-10-04
512367,V1172,P80835,1000,2025-10-09
512787,V1172,P77059,3000,2025-10-06
512071,V1069,P87742,2000,2025-10-09
512524,V1056,P10890,3000,2025-10-07
512373,V1039,P80612,2000,2025-10-02
512114,V1056,P12960,1000,2025-10-07
512370,V1042,P81921,2000,2025-10-04
512653,V1046,P56691,3000,2025-09-11
512159,V1090,P56527,1000,2025-09-14
512706,V1126,P25059,3000,2025-09-10
512885,V1087,P48132,3000,2025-09-16
512843,V1076,P16107,2000,2025-09-17
512541,V1062,P70922,3000,2025-09-16
512176,V1082,P92839,3000,2025-09-13
512692,V1114,P85538,1000,2025-09-09
512780,V1174,P38455,2000,2025-10-11
512567,V1045,P47799,1000,2025-09-27
512845,V1114,P89592,1000,2025-09-20
512966,V1016,P82250,2000,2025-09-13
512064,V1169,P48247,2000,2025-09-20
512516,V1120,P21286,1000,2025-09-23
512697,V1143,P97189,2000,2025-09-03
512848,V1182,P55315,1000,2025-08-31
512434,V1020,P35636,3000,2025-10-05
512954,V1077,P22718,1000,2025-10-02
512045,V1087,P96242,2000,2025-09-08
512084,V1152,P90563,1000,2025-09-28
512571,V1196,P20617,1000,2025-09-27
512522,V1002,P13452,3000,2025-09-25
512971,V1124,P37556,2000,2025-10-05
512288,V1168,P23039,3000,2025-09-25
512699,V1082,P41503,2000,2025-10-13
512485,V1006,P52360,1000,2025-09-15
512187,V1128,P82396,1000,2025-09-07
512926,V1074,P76074,1000,2025-10-08
512664,V1170,P50521,3000,2025-09-16
512458,V1063,P84237,3000,2025-10-04
512964,V1010,P92503,3000,2025-10-12
512017,V1131,P70418,1000,2025-09-07
512961,V1014,P87529,3000,2025-09-25
512400,V1075,P69900,1000,2025-09-02
512317,V1045,P67575,3000,2025-09-03
512730,V1027,P92230,1000,2025-10-08
512604,V1179,P78545,3000,2025-09-02
512283,V1177,P95042,3000,2025-09-19
512311,V1069,P96103,3000,2025-09-22
512991,V1068,P19814,3000,2025-09-13
512582,V1154,P66760,1000,2025-10-08
512828,V1009,P93586,1000,2025-09-25
512101,V1082,P95480,2000,2025-10-07
512679,V1028,P89776,3000,2025-09-09
512867,V1106,P92546,2000,2025-10-14
512379,V1050,P36172,1000,2025-09-12
512130,V1139,P62553,1000,2025-10-14
512857,V1060,P52384,1000,2025-09-05
512895,V1053,P67622,2000,2025-10-07
512220,V1158,P32129,2000,2025-09-08
512660,V1148,P58125,3000,2025-09-17
512313,V1170,P29298,2000,2025-10-03
512620,V1021,P31171,1000,2025-10-10
512815,V1044,P71989,1000,2025-09-26
512673,V1047,P33422,3000,2025-10-11
512175,V1118,P78419,2000,2025-09-18
512562,V1095,P29755,2000,2025-09-15
512226,V1189,P32046,3000,2025-09-13
512251,V1016,P67016,1000,2025-09-11
512663,V1058,P38231,3000,2025-09-23
512670,V1106,P51807,1000,2025-09-19
512372,V1029,P29301,1000,2025-09-30
512991,V1033,P63764,3000,2025-09-09
512189,V1191,P34758,3000,2025-09-18
512766,V1172,P88143,3000,2025-09-22
512744,V1099,P23719,3000,2025-09-02
512002,V1108,P39482,2000,2025-09-30
512569,V1138,P44225,2000,2025-09-10
512670,V1072,P35171,2000,2025-10-12
512023,V1039,P93886,2000,2025-09-04
512646,V1192,P59537,3000,2025-09-04
512810,V1145,P26327,3000,2025-09-29
512701,V1127,P46869,3000,2025-09-11
512478,V1047,P90573,3000,2025-09-16
512598,V1105,P56217,1000,2025-09-09
512384,V1175,P74287,2000,2025-10-03
512146,V1158,P38178,1000,2025-10-01
512356,V1093,P82515,1000,2025-10-09
512997,V1174,P52332,3000,2025-09-06
512893,V1084,P25340,1000,2025-09-29
512165,V1181,P20827,1000,2025-09-28
512176,V1032,P27084,3000,2025-09-10
512023,V1131,P57310,2000,2025-09-09
512654,V1180,P45621,1000,2025-10-14
512265,V1103,P89699,1000,2025-09-15
512615,V1157,P43372,1000,2025-10-09
512351,V1124,P21294,1000,2025-10-13
512182,V1028,P85846,2000,2025-09-18
512619,V1121,P82069,1000,2025-09-17
512088,V1010,P98576,1000,2025-09-07
512395,V1043,P75553,1000,2025-10-09
512294,V1134,P18423,2000,2025-08-31
512804,V1163,P22204,1000,2025-10-14
512950,V1047,P47431,3000,2025-09-07
512092,V1174,P60821,2000,2025-09-01
512495,V1189,P23421,2000,2025-09-01
512665,V1002,P36577,2000,2025-09-16
512551,V1168,P59904,1000,2025-09-10
512106,V1176,P56979,2000,2025-09-21
512947,V1032,P76135,1000,2025-09-14
512032,V1176,P91721,3000,2025-09-12
512378,V1110,P16254,3000,2025-09-13
512255,V1123,P84509,2000,2025-10-03
512596,V1086,P77193,2000,2025-10-13
512757,V1190,P78869,3000,2025-09-02
512653,V1033,P38385,3000,2025-10-03
512692,V1141,P68104,2000,2025-10-05
512389,V1127,P66101,1000,2025-10-13
512336,V1176,P83806,1000,2025-09-09
512936,V1107,P35728,2000,2025-10-11
512669,V1127,P61062,1000,2025-09-30
512626,V1061,P25792,1000,2025-09-03
512013,V1040,P70171,2000,2025-10-08
512804,V1046,P80934,2000,2025-09-23
512005,V1065,P62083,2000,2025-09-09
512810,V1086,P85205,1000,2025-09-15
512358,V1165,P77373,2000,2025-09-19
512218,V1147,P22045,1000,2025-09-24
512475,V1062,P25368,3000,2025-10-03
512301,V1186,P80239,3000,2025-10-10
512605,V1113,P65567,1000,2025-09-21
512394,V1140,P82858,2000,2025-09-29
512557,V1090,P30815,1000,2025-10-14
512970,V1072,P84883,1000,2025-09-10
512384,V1154,P96462,2000,2025-09-15
512331,V1050,P69430,2000,2025-09-17
512418,V1172,P29290,1000,2025-09-04
512517,V1053,P70601,1000,2025-09-05
512684,V1111,P43899,1000,2025-09-26
512083,V1054,P71961,1000,2025-09-15
512494,V1104,P14051,3000,2025-09-13
512248,V1007,P18703,2000,2025-10-14
512725,V1140,P25887,2000,2025-10-03
512144,V1075,P46568,1000,2025-09-02
512859,V1183,P41605,3000,2025-09-24
512115,V1129,P68813,3000,2025-10-08
512705,V1133,P68825,2000,2025-09-02
512586,V1076,P92690,2000,2025-09-18
512172,V1079,P92973,1000,2025-09-23
512149,V1088,P32134,3000,2025-09-08
512849,V1059,P86183,1000,2025-10-12
512043,V1143,P85064,2000,2025-10-06
512294,V1138,P14617,3000,2025-09-12
512267,V1182,P48599,2000,2025-10-09
512386,V1155,P28200,2000,2025-10-01
512998,V1088,P56601,1000,2025-10-12
512582,V1158,P52797,2000,2025-09-06
512324,V1158,P43498,2000,2025-09-13
512014,V1022,P42061,1000,2025-10-02
512017,V1076,P97655,3000,2025-08-31
512151,V1058,P10680,2000,2025-09-25
512074,V1160,P66572,2000,2025-09-13
512269,V1109,P70177,1000,2025-09-29
512544,V1062,P41144,3000,2025-10-07
512542,V1108,P19797,3000,2025-10-12
512388,V1115,P18184,2000,2025-10-13
512308,V1004,P98274,3000,2025-10-12
512595,V1114,P19584,3000,2025-10-11
512752,V1179,P59068,2000,2025-09-02
512597,V1129,P35568,3000,2025-09-25
512654,V1177,P36972,2000,2025-09-17
512245,V1017,P68214,3000,2025-10-05
512973,V1084,P59343,3000,2025-09-23
512489,V1011,P13206,2000,2025-09-18
512548,V1118,P10870,1000,2025-10-05
512600,V1130,P18934,1000,2025-10-07
512461,V1146,P85393,1000,2025-09-21
512127,V1108,P39509,2000,2025-09-21
512024,V1082,P51004,3000,2025-09-15
512697,V1154,P15028,2000,2025-09-06
512631,V1159,P95433,3000,2025-09-15
512745,V1180,P43338,1000,2025-09-06
512507,V1078,P33066,1000,2025-09-24
512359,V1050,P83198,1000,2025-09-03
512096,V1002,P24630,3000,2025-10-01
512484,V1143,P24766,3000,2025-09-30
512659,V1035,P81260,1000,2025-10-12
512145,V1023,P11566,3000,2025-10-04
512747,V1181,P42742,1000,2025-09-27
512334,V1010,P26866,1000,2025-10-07
512434,V1122,P41980,1000,2025-09-11
512280,V1122,P34694,2000,2025-09-17
512526,V1063,P53012,2000,2025-09-10
512870,V1032,P32250,1000,2025-09-13
512739,V1199,P51968,2000,2025-09-25
512639,V1060,P12160,1000,2025-09-07
512937,V1086,P21223,3000,2025-09-12
512158,V1183,P59412,2000,2025-09-04
512464,V1143,P51260,3000,2025-10-04
512564,V1024,P83478,1000,2025-09-03
512370,V1052,P38691,2000,2025-09-21
512768,V1097,P62828,3000,2025-09-11
512717,V1047,P67788,2000,2025-10-13
512062,V1190,P41852,3000,2025-09-09
512959,V1125,P39656,2000,2025-09-05
512066,V1138,P10955,3000,2025-09-18
512177,V1053,P12033,3000,2025-09-24
512377,V1162,P93003,2000,2025-09-09
512215,V1078,P77006,1000,2025-09-20
512495,V1091,P45689,2000,2025-09-01
512562,V1044,P55381,3000,2025-09-03
512156,V1172,P53780,3000,2025-09-14
512790,V1037,P17984,1000,2025-09-15
512834,V1033,P91831,2000,2025-09-01
512325,V1199,P66587,2000,2025-09-26
512329,V1172,P63936,2000,2025-09-26
512693,V1046,P19727,1000,2025-10-08
512045,V1184,P48550,3000,2025-09-10
512421,V1115,P84698,1000,2025-09-01
512922,V1120,P18735,2000,2025-10-03
512437,V1121,P44670,1000,2025-09-23
512166,V1001,P43655,3000,2025-10-14
512666,V1048,P45603,1000,2025-09-12
512441,V1110,P57445,1000,2025-09-27
512681,V1033,P10905,1000,2025-09-27
512245,V1072,P65999,3000,2025-09-06
512901,V1084,P67788,3000,2025-10-07
512894,V1176,P95156,2000,2025-09-06
512923,V1156,P57869,1000,2025-09-09
512447,V1090,P29008,2000,2025-10-13
512034,V1138,P24186,3000,2025-09-20
512025,V1040,P35821,3000,2025-09-30
512621,V1075,P87234,1000,2025-10-07
512218,V1181,P71125,2000,2025-09-02
512502,V1036,P13666,1000,2025-10-02
512822,V1022,P61999,3000,2025-09-22
512378,V1101,P49187,3000,2025-09-11
512894,V1167,P79234,2000,2025-09-09
512045,V1159,P22069,3000,2025-10-08
512769,V1110,P25085,1000,2025-08-31
512323,V1152,P31828,1000,2025-10-01
512534,V1187,P71901,2000,2025-09-28
512895,V1197,P75164,3000,2025-10-05
512670,V1049,P61052,2000,2025-10-12
512528,V1055,P25994,2000,2025-10-08
512939,V1040,P87044,1000,2025-09-05
512940,V1099,P53346,3000,2025-10-03
512075,V1049,P12727,1000,2025-09-15
512570,V1127,P78954,3000,2025-10-14
512663,V1082,P17205,1000,2025-09-16
512300,V1101,P22781,1000,2025-09-26
512585,V1029,P23884,3000,2025-09-06
512836,V1064,P58734,3000,2025-10-14
512691,V1121,P66069,3000,2025-09-14
512902,V1078,P54040,3000,2025-09-28
512468,V1068,P22076,1000,2025-09-02
512745,V1119,P32090,1000,2025-09-23
512902,V1095,P10155,3000,2025-09-09
512565,V1070,P65656,2000,2025-10-03
512516,V1178,P98784,2000,2025-09-11
512935,V1080,P84132,1000,2025-09-03
512510,V1061,P22970,3000,2025-09-15
512167,V1173,P41039,3000,2025-09-24
512486,V1064,P78836,3000,2025-09-01
512341,V1106,P67213,1000,2025-09-28
512738,V1073,P27983,2000,2025-09-03
512086,V1189,P86948,3000,2025-09-08
512603,V1160,P81290,1000,2025-09-15
512583,V1128,P74863,3000,2025-10-12
512788,V1067,P10007,2000,2025-10-05
512666,V1042,P88726,2000,2025-09-20
512282,V1193,P44658,1000,2025-09-14
512764,V1115,P87450,1000,2025-09-01
512236,V1187,P19837,3000,2025-09-14
512283,V1021,P16194,2000,2025-10-06
512052,V1032,P97527,2000,2025-10-03
512567,V1075,P45113,1000,2025-10-08
512256,V1136,P93159,2000,2025-10-05
512454,V1107,P87302,3000,2025-09-20
512743,V1110,P21603,1000,2025-09-11
512905,V1122,P85991,3000,2025-09-11
512968,V1196,P12294,1000,2025-10-10
512904,V1138,P77450,2000,2025-10-12
512013,V1131,P75146,3000,2025-09-30
512884,V1082,P87207,2000,2025-10-12
512001,V1183,P53808,2000,2025-09-04
512930,V1021,P98063,2000,2025-10-01
512932,V1194,P23198,2000,2025-09-02
512486,V1189,P15690,3000,2025-09-15
512224,V1138,P51239,1000,2025-09-13
512818,V1004,P42490,1000,2025-09-24
512677,V1039,P12921,2000,2025-09-09
512696,V1035,P41340,2000,2025-09-11
512236,V1051,P18574,1000,2025-09-19
512825,V1108,P66498,2000,2025-10-10
512431,V1074,P42240,2000,2025-09-30
512651,V1167,P46080,2000,2025-10-14
512093,V1094,P89012,3000,2025-09-01
512404,V1012,P93847,3000,2025-10-05
512821,V1103,P77108,2000,2025-09-25
512396,V1189,P16317,1000,2025-10-05
512522,V1086,P54759,2000,2025-10-12
512879,V1185,P33001,1000,2025-09-09
512459,V1142,P94243,3000,2025-09-03
512302,V1137,P74585,1000,2025-09-03
512383,V1006,P76803,2000,2025-10-11
512572,V1071,P67766,2000,2025-10-04
512240,V1190,P90240,2000,2025-09-07
512356,V1004,P33173,2000,2025-10-02
512405,V1131,P92660,1000,2025-09-13
512498,V1084,P80783,1000,2025-08-31
512164,V1064,P65756,3000,2025-09-06
512536,V1000,P20391,3000,2025-10-06
512033,V1077,P38977,2000,2025-09-11
512419,V1046,P38967,3000,2025-10-03
512102,V1085,P34431,3000,2025-10-02
512587,V1119,P16766,1000,2025-09-21
512201,V1097,P79569,2000,2025-09-02
512201,V1068,P88216,2000,2025-10-07
512453,V1136,P46172,2000,2025-09-13
512442,V1179,P45050,1000,2025-09-30
512474,V1035,P14573,1000,2025-10-03
512570,V1192,P65104,1000,2025-10-02
512278,V1120,P62729,2000,2025-09-27
512338,V1036,P35319,2000,2025-09-17
512900,V1079,P94551,1000,2025-10-13
512227,V1113,P37574,1000,2025-10-12
512781,V1157,P24056,2000,2025-10-11
512102,V1141,P48937,1000,2025-09-25
512343,V1060,P71095,3000,2025-10-02
512960,V1032,P44794,1000,2025-10-03
512267,V1195,P21549,2000,2025-09-08
512405,V1101,P73916,1000,2025-09-08
512526,V1195,P53773,2000,2025-10-08
512140,V1124,P12580,1000,2025-09-05
512454,V1003,P83037,3000,2025-10-05
512594,V1095,P33371,2000,2025-09-12
512983,V1148,P45401,3000,2025-10-08
512469,V1165,P58484,1000,2025-10-10
512613,V1092,P77100,1000,2025-09-09
512728,V1050,P95890,2000,2025-09-28
512536,V1059,P76085,2000,2025-09-14
512675,V1113,P25487,3000,2025-09-03
512312,V1066,P38076,2000,2025-09-12
512196,V1150,P94229,2000,2025-09-03
512243,V1106,P38206,2000,2025-10-12
512917,V1016,P35579,1000,2025-09-10
512675,V1110,P36549,3000,2025-09-03
512236,V1174,P44900,2000,2025-09-19
512685,V1047,P64226,3000,2025-09-29
512623,V1186,P40806,1000,2025-09-15
512230,V1143,P96980,3000,2025-10-10
512106,V1010,P80683,3000,2025-10-03
512172,V1115,P45506,2000,2025-10-08
512400,V1075,P41487,2000,2025-09-28
512743,V1184,P92196,1000,2025-10-07
512063,V1178,P78562,2000,2025-09-22
512548,V1044,P95062,1000,2025-09-16
512708,V1099,P39432,2000,2025-09-07
512621,V1163,P98024,2000,2025-09-23
512795,V1037,P57351,3000,2025-08-31
512863,V1135,P21156,1000,2025-10-08
512355,V1168,P14424,2000,2025-10-14
512925,V1143,P94991,2000,2025-10-02
512877,V1152,P45211,2000,2025-09-02
512094,V1053,P99462,2000,2025-10-13
512700,V1165,P37708,1000,2025-09-27
512064,V1115,P22809,1000,2025-09-24
512215,V1105,P39368,1000,2025-10-03
512883,V1011,P98178,2000,2025-09-08
512885,V1141,P12985,3000,2025-09-10
512247,V1136,P50017,1000,2025-09-25
512760,V1192,P90549,2000,2025-09-21
512990,V1007,P65056,1000,2025-09-27
512262,V1195,P42930,2000,2025-09-04
512316,V1113,P94785,3000,2025-10-06
512030,V1171,P74150,3000,2025-09-07
512959,V1184,P81693,3000,2025-10-02
512914,V1070,P88286,2000,2025-09-07
512478,V1048,P65405,2000,2025-09-30
512700,V1139,P22806,3000,2025-09-02
512510,V1058,P84328,1000,2025-09-05
512562,V1199,P91391,1000,2025-09-24
512565,V1121,P94007,1000,2025-09-09
512612,V1025,P60246,1000,2025-09-25
512787,V1128,P54750,2000,2025-09-12
512969,V1197,P29026,2000,2025-09-18
512951,V1103,P12327,2000,2025-09-01
512218,V1155,P67773,1000,2025-10-12
512322,V1005,P73630,3000,2025-09-24
512239,V1132,P14689,3000,2025-10-03
512439,V1022,P19653,2000,2025-10-08
512063,V1126,P22246,1000,2025-09-08
512654,V1016,P87383,2000,2025-09-23
512776,V1148,P60318,2000,2025-09-02
512441,V1067,P66403,1000,2025-10-02
512901,V1080,P36335,3000,2025-09-12
512198,V1087,P35342,1000,2025-09-11
512971,V1179,P61601,3000,2025-09-08
512919,V1076,P70112,1000,2025-10-05
512855,V1168,P27315,3000,2025-09-02
512435,V1070,P89547,2000,2025-09-18
512316,V1195,P22000,1000,2025-09-08
512294,V1139,P21090,3000,2025-09-25
512127,V1015,P76314,2000,2025-09-30
512710,V1012,P95462,3000,2025-09-19
512413,V1107,P24378,2000,2025-09-07
512285,V1182,P90947,1000,2025-10-09
512801,V1052,P26902,2000,2025-10-14
512307,V1196,P28027,1000,2025-09-05
512382,V1069,P46563,3000,2025-10-08
512594,V1067,P52703,3000,2025-10-03
512793,V1015,P50048,2000,2025-09-06
512270,V1093,P64251,2000,2025-09-11
512545,V1153,P79307,1000,2025-10-08
512088,V1152,P75692,2000,2025-09-25
512315,V1190,P13070,1000,2025-09-10
512449,V1086,P57187,2000,2025-09-22
512354,V1021,P52823,2000,2025-09-12
512273,V1176,P68362,1000,2025-09-15
512291,V1112,P16112,1000,2025-09-29
512889,V1102,P56493,3000,2025-09-24
512320,V1141,P39339,3000,2025-10-11
512779,V1098,P18788,2000,2025-09-06
512347,V1011,P43006,1000,2025-10-12
512809,V1158,P46245,1000,2025-09-24
512411,V1012,P47233,2000,2025-09-09
512554,V1161,P41424,2000,2025-09-21
512989,V1063,P14825,2000,2025-09-23
512512,V1106,P30774,3000,2025-10-06
512929,V1020,P34482,1000,2025-10-08
512047,V1055,P82093,1000,2025-09-08
512532,V1076,P42057,2000,2025-10-01
512804,V1105,P65369,2000,2025-10-07
512456,V1044,P86355,3000,2025-10-06
512068,V1075,P80780,2000,2025-10-08
512651,V1112,P60466,3000,2025-08-31
512057,V1027,P87085,1000,2025-10-11
512976,V1121,P28150,3000,2025-10-03
512061,V1153,P52059,2000,2025-09-12
512443,V1024,P36435,3000,2025-09-29
512838,V1116,P29941,3000,2025-10-13
512374,V1158,P59491,2000,2025-09-02
512230,V1173,P84942,2000,2025-09-14
512935,V1034,P95797,2000,2025-08-31
512968,V1007,P64292,3000,2025-09-07
512562,V1140,P91569,2000,2025-09-01
512071,V1113,P30978,2000,2025-10-11
512599,V1106,P36480,1000,2025-09-07
512387,V1100,P67648,2000,2025-09-25
512496,V1006,P67413,1000,2025-10-11
512047,V1146,P49135,2000,2025-09-04
512846,V1103,P94717,1000,2025-09-06
512969,V1006,P38450,3000,2025-09-08
512874,V1185,P17017,1000,2025-10-04
512764,V1179,P15097,3000,2025-09-21
512449,V1007,P72607,1000,2025-09-19
512708,V1142,P16470,1000,2025-09-19
512476,V1109,P79731,3000,2025-10-03
512178,V1163,P22046,2000,2025-09-03
512655,V1066,P54838,1000,2025-09-15
512132,V1015,P95372,3000,2025-09-26
512268,V1198,P25507,2000,2025-10-04
512831,V1175,P69630,2000,2025-09-14
512845,V1141,P53937,3000,2025-09-03
512994,V1010,P99054,1000,2025-10-12
512167,V1122,P67911,3000,2025-09-17
512181,V1196,P55721,2000,2025-09-13
512413,V1026,P22824,2000,2025-10-02
512221,V1080,P10602,1000,2025-09-12
512227,V1130,P30528,2000,2025-09-12
512521,V1071,P25077,2000,2025-09-21
512255,V1152,P59264,2000,2025-09-14
512577,V1108,P39725,1000,2025-09-25
512548,V1033,P50447,1000,2025-09-09
512439,V1075,P16023,2000,2025-10-12
512105,V1048,P62277,2000,2025-09-23
512427,V1029,P25642,2000,2025-09-08
512203,V1167,P81471,1000,2025-08-31
512943,V1072,P92529,3000,2025-10-12
512030,V1003,P61017,1000,2025-10-13
512144,V1135,P22228,1000,2025-09-08
512218,V1197,P19489,1000,2025-09-27
512069,V1088,P73606,1000,2025-10-03
512523,V1170,P35494,1000,2025-10-14
512048,V1031,P84448,3000,2025-09-11
512681,V1075,P26362,3000,2025-09-15
512893,V1098,P25099,1000,2025-10-14
512428,V1165,P86566,3000,2025-09-18
512310,V1085,P83825,3000,2025-09-03
512172,V1121,P51996,3000,2025-09-22
512628,V1016,P22831,3000,2025-09-13
512448,V1160,P28475,2000,2025-09-17
512839,V1049,P97246,1000,2025-09-03
512373,V1140,P89949,1000,2025-09-25
512476,V1047,P54797,3000,2025-10-14
512501,V1170,P27910,2000,2025-09-28
512856,V1005,P42061,2000,2025-09-04
512224,V1107,P83310,1000,2025-09-25
512796,V1094,P23916,2000,2025-09-03
512313,V1024,P79978,2000,2025-10-01
512740,V1162,P23896,2000,2025-10-02
512776,V1041,P65893,1000,2025-10-11
512212,V1116,P13322,3000,2025-10-06
512076,V1043,P46304,1000,2025-09-27
512100,V1156,P56997,1000,2025-09-14
512361,V1052,P44761,2000,2025-10-10
512256,V1110,P25251,1000,2025-10-02
512075,V1011,P58738,2000,2025-10-03
512331,V1113,P87928,3000,2025-09-17
512316,V1013,P90427,3000,2025-10-11
512598,V1143,P14501,1000,2025-10-14
512060,V1188,P62606,3000,2025-10-08
512167,V1020,P79650,3000,2025-10-10
512312,V1012,P10682,1000,2025-09-06
512691,V1062,P77635,1000,2025-09-23
512732,V1137,P40375,2000,2025-09-29
512622,V1067,P52960,3000,2025-09-16
512309,V1091,P21225,1000,2025-09-29
512489,V1155,P86319,3000,2025-09-26
512353,V1066,P78634,2000,2025-09-22
512475,V1192,P38621,2000,2025-09-12
512197,V1185,P57657,2000,2025-09-30
512158,V1171,P26466,3000,2025-09-02
512189,V1018,P91395,1000,2025-09-29
512695,V1158,P19244,2000,2025-09-22
512996,V1180,P61314,3000,2025-09-13
512487,V1120,P43510,1000,2025-09-18
512293,V1071,P74492,2000,2025-09-29
512667,V1092,P60147,1000,2025-09-14
512812,V1079,P29693,1000,2025-09-25
512606,V1021,P74700,1000,2025-08-31
512729,V1000,P70146,2000,2025-09-19
512143,V1095,P66989,2000,2025-09-16
512898,V1089,P65587,3000,2025-09-21
512086,V1082,P24748,3000,2025-10-03
512467,V1031,P59428,2000,2025-09-10
512391,V1118,P54072,2000,2025-09-26
512066,V1065,P79067,1000,2025-09-16
512928,V1082,P94945,1000,2025-10-03
512889,V1126,P64399,2000,2025-09-02
512523,V1017,P90935,3000,2025-09-30
512314,V1092,P62200,3000,2025-10-04
512261,V1173,P81733,2000,2025-09-05
512029,V1173,P63347,1000,2025-09-18
512189,V1024,P73368,3000,2025-10-13
512075,V1127,P27886,1000,2025-09-21
512052,V1096,P49257,3000,2025-09-08
512356,V1061,P33979,1000,2025-10-04
512595,V1023,P91213,1000,2025-09-03
512557,V1102,P45872,1000,2025-09-11
512671,V1088,P81869,3000,2025-10-13
512444,V1078,P21823,3000,2025-10-02
512488,V1137,P84288,3000,2025-09-14
512708,V1053,P64442,3000,2025-10-09
512358,V1104,P89537,3000,2025-09-28
512546,V1108,P99457,1000,2025-09-22
512258,V1122,P79777,3000,2025-10-10
512759,V1154,P81294,3000,2025-09-24
512784,V1174,P93336,2000,2025-10-03
512622,V1076,P59092,3000,2025-09-17
512911,V1049,P85598,1000,2025-09-12
512567,V1002,P91616,3000,2025-09-14
512158,V1010,P54183,1000,2025-09-10
512050,V1155,P31823,2000,2025-08-31
512331,V1192,P52888,2000,2025-09-12
512980,V1182,P15505,1000,2025-09-12
512223,V1034,P90945,3000,2025-09-02
512569,V1107,P18097,2000,2025-09-08
512270,V1184,P38601,2000,2025-10-10
512653,V1152,P24376,2000,2025-10-02
512820,V1040,P70340,3000,2025-09-06
512038,V1060,P43327,1000,2025-09-12
512147,V1141,P19727,2000,2025-09-06
512253,V1192,P89368,1000,2025-09-23
512710,V1064,P93072,1000,2025-09-13
512447,V1179,P78528,2000,2025-10-12
512904,V1074,P52368,3000,2025-10-10
512836,V1197,P43478,1000,2025-09-08
512331,V1112,P60697,1000,2025-09-18
512570,V1069,P69678,1000,2025-10-05
512889,V1185,P71719,3000,2025-09-03
512747,V1003,P23734,3000,2025-09-18
512117,V1071,P26396,3000,2025-10-02
512346,V1044,P39700,1000,2025-09-04
512239,V1168,P52672,1000,2025-08-31
512464,V1049,P42678,1000,2025-09-05
512761,V1099,P17994,2000,2025-09-07
512064,V1082,P94039,3000,2025-09-01
512650,V1175,P67321,1000,2025-09-10
512930,V1081,P56619,2000,2025-09-05
512887,V1017,P43738,1000,2025-10-14
512942,V1007,P53826,2000,2025-09-17
512085,V1198,P47054,1000,2025-09-09
512921,V1147,P38379,3000,2025-09-07
512902,V1005,P18104,1000,2025-09-29
512545,V1013,P32732,2000,2025-09-18
512522,V1037,P40795,3000,2025-09-07
512454,V1105,P55601,2000,2025-09-29
512271,V1179,P91573,3000,2025-09-24
512561,V1110,P61257,3000,2025-09-08
512624,V1091,P24087,2000,2025-09-28
512931,V1132,P44389,1000,2025-09-10
512074,V1041,P13285,3000,2025-10-03
512308,V1103,P89604,1000,2025-10-12
512415,V1107,P41929,2000,2025-10-08
512159,V1003,P29825,2000,2025-10-09
512272,V1079,P95988,1000,2025-09-15
512408,V1031,P38031,2000,2025-10-01
512271,V1096,P34089,2000,2025-09-28
512321,V1091,P58346,1000,2025-09-02
512960,V1111,P30379,1000,2025-09-28
512321,V1051,P77901,1000,2025-09-17
512494,V1158,P55508,2000,2025-09-20
512312,V1111,P57300,3000,2025-09-26
512441,V1088,P33928,1000,2025-10-01
512278,V1162,P44417,1000,2025-09-03
512509,V1041,P30405,2000,2025-10-11
512655,V1073,P40442,3000,2025-09-15
512948,V1100,P63149,3000,2025-09-29
512533,V1024,P65998,2000,2025-10-10
512655,V1043,P25676,3000,2025-09-12
512286,V1073,P30207,2000,2025-09-13
512735,V1123,P36267,1000,2025-09-29
512686,V1189,P54115,1000,2025-10-08
512463,V1080,P45789,3000,2025-10-05
512454,V1019,P15966,2000,2025-10-01
512679,V1181,P44957,2000,2025-10-05
512208,V1103,P61426,1000,2025-09-17
512122,V1047,P36014,3000,2025-09-14
512569,V1015,P44844,3000,2025-09-01
512097,V1177,P92164,3000,2025-09-29
512333,V1116,P81423,1000,2025-09-26
512989,V1047,P82991,2000,2025-10-08
512658,V1110,P64001,3000,2025-10-08
512312,V1032,P11681,2000,2025-10-05
512908,V1092,P55197,2000,2025-09-10
512584,V1180,P95081,2000,2025-10-06
512468,V1087,P83203,1000,2025-09-01
512770,V1115,P41413,2000,2025-09-12
512500,V1098,P51981,2000,2025-09-20
512988,V1093,P71210,2000,2025-09-13
512644,V1165,P30849,1000,2025-09-20
512771,V1120,P64445,2000,2025-09-08
512728,V1124,P36000,2000,2025-09-11
512105,V1017,P37210,2000,2025-10-02
512370,V1138,P88695,1000,2025-10-11
512737,V1104,P24295,2000,2025-10-13
512962,V1080,P59880,1000,2025-09-20
512205,V1044,P74036,2000,2025-09-05
512727,V1026,P68234,1000,2025-09-28
512114,V1074,P38383,3000,2025-10-05
512704,V1049,P92128,2000,2025-09-12
512887,V1176,P42750,1000,2025-09-27
512329,V1179,P53873,3000,2025-09-08
512927,V1007,P37033,2000,2025-09-09
512283,V1022,P74123,3000,2025-09-25
512546,V1068,P81579,1000,2025-09-04
512723,V1115,P88315,3000,2025-09-17
512002,V1043,P96563,1000,2025-09-08
512105,V1088,P70919,1000,2025-09-17
512795,V1094,P19924,2000,2025-09-02
512778,V1004,P89561,3000,2025-09-27
512858,V1162,P80551,3000,2025-09-27
512027,V1068,P23135,2000,2025-09-26
512390,V1136,P19806,3000,2025-09-17
512012,V1061,P92425,2000,2025-09-15
512563,V1176,P21184,3000,2025-09-12
512441,V1071,P62808,2000,2025-09-03
512427,V1174,P45023,2000,2025-09-05
512829,V1151,P32727,1000,2025-09-17
512869,V1080,P41828,1000,2025-09-28
512901,V1166,P70323,3000,2025-09-03
512180,V1145,P46842,2000,2025-09-24
512954,V1120,P30459,1000,2025-10-02
512887,V1185,P44431,1000,2025-10-02
512738,V1029,P17743,1000,2025-09-18
512672,V1009,P59152,1000,2025-10-05
512970,V1180,P48035,2000,2025-10-08
512054,V1180,P75960,3000,2025-09-15
512989,V1080,P69627,3000,2025-10-04
512134,V1034,P29717,1000,2025-09-10
512353,V1124,P70404,1000,2025-10-08
512998,V1083,P34123,2000,2025-10-05
512869,V1199,P99862,1000,2025-10-10
512198,V1047,P94091,1000,2025-09-28
512947,V1164,P16442,3000,2025-09-12
512076,V1173,P63100,2000,2025-09-16
512209,V1033,P45184,3000,2025-10-01
512141,V1181,P89909,2000,2025-09-15
512651,V1030,P35114,1000,2025-10-06
512853,V1030,P21895,2000,2025-09-27
512726,V1029,P73466,3000,2025-09-26
512452,V1052,P93570,2000,2025-09-05
512249,V1141,P17870,1000,2025-09-27
512073,V1110,P68700,3000,2025-10-08
512979,V1024,P60281,1000,2025-09-19
512060,V1078,P48539,1000,2025-09-01
512488,V1110,P94643,1000,2025-09-28
512588,V1131,P68797,1000,2025-09-20
512391,V1128,P46758,2000,2025-10-09
512295,V1176,P37260,2000,2025-09-12
512381,V1110,P34178,3000,2025-09-12
512855,V1135,P30209,3000,2025-10-10
512272,V1179,P65810,3000,2025-09-21
512219,V1138,P90693,3000,2025-09-14
512847,V1056,P88107,1000,2025-09-08
512958,V1194,P12389,1000,2025-09-14
512988,V1162,P90272,3000,2025-09-09
512884,V1181,P97280,1000,2025-09-29
512658,V1174,P54017,1000,2025-10-04
512718,V1173,P40332,2000,2025-10-07
512631,V1062,P22599,1000,2025-10-07
512470,V1038,P97329,3000,2025-10-08
512154,V1010,P96040,1000,2025-09-16
512370,V1047,P63402,2000,2025-09-21
512088,V1129,P93192,1000,2025-09-26
512291,V1045,P18266,2000,2025-09-14
512241,V1105,P21367,3000,2025-10-03
512966,V1090,P77128,2000,2025-09-16
512792,V1082,P30437,3000,2025-09-08
512639,V1097,P81631,1000,2025-09-02
512136,V1187,P28111,2000,2025-09-19
512980,V1179,P27562,1000,2025-10-13
512226,V1021,P37224,3000,2025-09-18
512828,V1020,P37473,2000,2025-09-19
512391,V1103,P76875,1000,2025-09-17
512133,V1133,P15722,1000,2025-10-04
512816,V1072,P99949,2000,2025-09-23
512157,V1183,P77862,1000,2025-09-15
512031,V1104,P16660,3000,2025-08-31
512886,V1058,P67791,1000,2025-09-21
512898,V1036,P36222,2000,2025-09-03
512796,V1167,P38867,3000,2025-10-02
512692,V1089,P16854,2000,2025-09-21
512821,V1079,P68086,3000,2025-10-05
512569,V1008,P53058,2000,2025-10-10
512944,V1110,P88465,1000,2025-10-06
512055,V1125,P47906,2000,2025-09-15
512584,V1172,P63746,2000,2025-09-28
512380,V1193,P88159,3000,2025-09-30
512987,V1048,P82313,3000,2025-10-03
512874,V1045,P52783,1000,2025-09-28
512920,V1014,P71302,3000,2025-09-10
512872,V1154,P17526,1000,2025-10-07
512354,V1172,P87904,1000,2025-09-02
512718,V1038,P99863,3000,2025-09-13
512522,V1019,P78785,2000,2025-09-18
512594,V1077,P32579,3000,2025-09-28
512243,V1186,P97367,3000,2025-10-02
512368,V1182,P73882,3000,2025-09-14
512648,V1066,P76013,3000,2025-10-04
512424,V1163,P31638,3000,2025-09-19
512634,V1199,P52000,3000,2025-10-14
512557,V1081,P37653,1000,2025-10-12
512689,V1034,P11084,3000,2025-08-31
512918,V1147,P34186,3000,2025-09-11
512923,V1049,P63446,3000,2025-09-17
512455,V1067,P87059,1000,2025-10-14
512848,V1042,P62708,2000,2025-10-12
512656,V1110,P88296,3000,2025-10-04
512989,V1009,P97129,3000,2025-10-02
512173,V1083,P67399,2000,2025-10-03
512075,V1141,P80736,1000,2025-09-19
512277,V1167,P50765,3000,2025-10-09
512598,V1097,P40458,1000,2025-10-09
512339,V1095,P12048,1000,2025-09-23
512477,V1029,P57245,2000,2025-09-18
512974,V1072,P27032,1000,2025-09-03
512986,V1037,P28151,3000,2025-10-01
512930,V1101,P58500,1000,2025-09-14
512993,V1189,P28453,1000,2025-09-19
512767,V1180,P67538,2000,2025-09-16
512728,V1034,P18049,1000,2025-10-12
512553,V1054,P97406,2000,2025-08-31
512122,V1152,P38890,3000,2025-09-04
512327,V1106,P98536,3000,2025-10-04
512687,V1125,P30149,1000,2025-09-15
512147,V1096,P42817,2000,2025-09-07
512297,V1094,P20686,1000,2025-10-10
512591,V1039,P81572,3000,2025-09-14
512247,V1027,P25483,3000,2025-09-08
512485,V1177,P23342,2000,2025-10-04
512307,V1128,P48670,2000,2025-09-04
512840,V1001,P71831,3000,2025-09-05
512331,V1063,P28590,3000,2025-10-09
512135,V1015,P13364,2000,2025-09-10
512655,V1019,P34453,2000,2025-09-07
512187,V1045,P30134,1000,2025-09-13
512018,V1044,P80877,1000,2025-09-22
512519,V1105,P36252,2000,2025-09-18
512545,V1008,P58823,2000,2025-10-13
512858,V1085,P36969,2000,2025-09-01
512708,V1071,P26882,1000,2025-09-12
512773,V1022,P43293,3000,2025-09-11
512820,V1066,P28296,1000,2025-10-12
512564,V1123,P82914,3000,2025-09-29
512424,V1006,P48300,1000,2025-10-06
512225,V1028,P96850,2000,2025-10-02
512265,V1125,P20225,2000,2025-09-19
512187,V1169,P83009,2000,2025-09-09
512508,V1096,P52765,3000,2025-09-13
512866,V1056,P34327,3000,2025-09-18
512867,V1077,P26400,2000,2025-09-03
512404,V1181,P67770,1000,2025-09-29
512081,V1032,P82895,2000,2025-09-24
512937,V1036,P69196,2000,2025-10-07
512687,V1171,P71958,2000,2025-09-24
512526,V1120,P51223,3000,2025-10-03
512380,V1132,P44213,2000,2025-10-10
512866,V1148,P65031,2000,2025-10-10
512911,V1155,P75641,1000,2025-09-24
512074,V1118,P84521,1000,2025-09-14
512441,V1086,P96122,3000,2025-10-04
512997,V1071,P95453,1000,2025-09-11
512176,V1121,P25601,2000,2025-09-25
512869,V1177,P76627,2000,2025-09-24
512791,V1052,P56557,2000,2025-10-06
512114,V1035,P87463,1000,2025-09-19
512511,V1149,P82918,2000,2025-09-27
512839,V1053,P32324,1000,2025-09-27
512776,V1043,P95413,2000,2025-08-31
512470,V1058,P78983,2000,2025-10-07
512459,V1156,P36045,2000,2025-09-08
512363,V1107,P55159,1000,2025-09-04
512031,V1085,P15474,1000,2025-09-10
512310,V1181,P31331,2000,2025-08-31
512620,V1005,P55025,3000,2025-10-02
512232,V1124,P66498,1000,2025-08-31
512638,V1168,P67887,3000,2025-10-06
512185,V1049,P36731,3000,2025-09-14
512207,V1047,P85342,1000,2025-09-07
512969,V1082,P59578,3000,2025-10-01
512821,V1192,P51761,3000,2025-09-26
512576,V1025,P35260,3000,2025-09-29
512330,V1106,P32537,1000,2025-09-20
512316,V1055,P82967,3000,2025-09-02
512138,V1153,P20594,3000,2025-09-29
512160,V1125,P93235,1000,2025-09-24
512027,V1048,P11843,1000,2025-09-26
512935,V1025,P36205,1000,2025-10-07
512811,V1022,P68897,2000,2025-09-14
512814,V1174,P24897,2000,2025-09-10
512964,V1098,P40751,1000,2025-09-04
512683,V1130,P14536,3000,2025-10-10
512280,V1147,P79122,2000,2025-10-10
512668,V1066,P68024,2000,2025-09-16
512812,V1121,P75278,3000,2025-09-22
512268,V1058,P60075,1000,2025-09-08
512734,V1133,P81843,3000,2025-09-27
512877,V1098,P52059,3000,2025-09-24
512192,V1070,P10296,2000,2025-09-01
512743,V1011,P38790,3000,2025-10-03
512933,V1028,P34040,3000,2025-09-08
512829,V1096,P39946,1000,2025-09-02
512965,V1128,P55037,3000,2025-09-24
512282,V1181,P97876,3000,2025-09-20
512978,V1008,P68902,1000,2025-09-29
512202,V1078,P97503,2000,2025-10-08
512300,V1177,P61970,1000,2025-10-03
512448,V1158,P94352,2000,2025-09-26
512633,V1010,P68818,3000,2025-10-05
512883,V1069,P91112,2000,2025-09-20
512917,V1137,P29371,2000,2025-09-19
512033,V1064,P30781,3000,2025-09-29
512109,V1136,P15963,2000,2025-09-12
512006,V1084,P33954,2000,2025-10-14
512903,V1052,P90575,1000,2025-10-14
512799,V1128,P99798,3000,2025-09-30
512040,V1097,P91937,2000,2025-10-08
512947,V1178,P87993,2000,2025-09-22
512883,V1063,P65087,3000,2025-09-01
512041,V1183,P86041,2000,2025-10-05
512032,V1051,P12953,3000,2025-09-21
512107,V1086,P29313,2000,2025-09-18
512017,V1121,P69178,3000,2025-10-13
512568,V1166,P46941,2000,2025-09-04
512954,V1064,P34454,1000,2025-10-12
512624,V1146,P14527,2000,2025-10-05
512827,V1110,P75464,2000,2025-10-14
512304,V1086,P42663,1000,2025-09-11
512435,V1064,P76132,3000,2025-10-02
512358,V1048,P34920,1000,2025-09-01
512686,V1139,P44315,1000,2025-09-08
512444,V1045,P89424,3000,2025-09-07
512870,V1079,P81501,3000,2025-09-25
512036,V1086,P59031,2000,2025-09-28
512979,V1154,P11584,1000,2025-09-07
512264,V1132,P99158,2000,2025-09-28
512787,V1036,P48261,3000,2025-09-10
512346,V1076,P46499,3000,2025-10-05
512192,V1172,P34066,1000,2025-09-29
512937,V1118,P57549,2000,2025-09-12
512280,V1054,P86881,2000,2025-10-13
512649,V1037,P55975,3000,2025-09-09
512669,V1036,P55767,2000,2025-09-30
512956,V1159,P50985,1000,2025-10-01
512022,V1123,P22816,1000,2025-09-11
512172,V1178,P80527,2000,2025-09-26
512832,V1029,P79148,2000,2025-10-08
512193,V1037,P69952,1000,2025-09-10
512097,V1099,P36512,3000,2025-09-06
512239,V1144,P84696,1000,2025-10-02
512155,V1139,P32473,3000,2025-10-11
512109,V1075,P89974,2000,2025-09-30
512649,V1093,P28303,1000,2025-09-23
512905,V1138,P37117,3000,2025-09-27
512465,V1166,P54461,1000,2025-09-02
512627,V1042,P50194,3000,2025-09-06
512794,V1161,P75387,3000,2025-09-26
512933,V1020,P98585,1000,2025-09-06
512795,V1146,P83170,2000,2025-09-22
512339,V1131,P84636,1000,2025-09-04
512929,V1179,P46831,3000,2025-10-10
512184,V1019,P62435,1000,2025-09-04
512483,V1043,P86938,3000,2025-10-01
512849,V1034,P83580,3000,2025-09-23
512336,V1029,P32664,2000,2025-10-09
512916,V1029,P19415,3000,2025-09-19
512377,V1131,P16641,1000,2025-10-09
512891,V1072,P68396,2000,2025-09-26
512199,V1085,P45410,2000,2025-10-04
512944,V1107,P25770,1000,2025-10-04
512583,V1069,P53020,2000,2025-09-03
512937,V1061,P61821,1000,2025-09-01
512795,V1074,P83480,2000,2025-09-26
512353,V1190,P26180,3000,2025-10-13
512579,V1021,P29226,1000,2025-09-26
512177,V1115,P77735,3000,2025-09-23
512045,V1184,P10431,1000,2025-09-05
512949,V1192,P25064,2000,2025-09-20
512822,V1094,P85473,2000,2025-10-01
512600,V1093,P36824,3000,2025-09-26
512733,V1021,P45484,3000,2025-09-17
512015,V1143,P79749,2000,2025-10-09
512669,V1003,P91145,2000,2025-09-20
